-- phpMyAdmin SQL Dump
-- version 4.8.3
-- https://www.phpmyadmin.net/
--
-- Host: 127.0.0.1
-- Generation Time: Dec 12, 2018 at 11:39 PM
-- Server version: 10.1.35-MariaDB
-- PHP Version: 7.2.9

SET SQL_MODE = "NO_AUTO_VALUE_ON_ZERO";
SET AUTOCOMMIT = 0;
START TRANSACTION;
SET time_zone = "+00:00";


/*!40101 SET @OLD_CHARACTER_SET_CLIENT=@@CHARACTER_SET_CLIENT */;
/*!40101 SET @OLD_CHARACTER_SET_RESULTS=@@CHARACTER_SET_RESULTS */;
/*!40101 SET @OLD_COLLATION_CONNECTION=@@COLLATION_CONNECTION */;
/*!40101 SET NAMES utf8mb4 */;

--
-- Database: `symfony_blog`
--

-- --------------------------------------------------------

--
-- Table structure for table `articles`
--

CREATE TABLE `articles` (
  `id` int(11) NOT NULL,
  `title` varchar(255) COLLATE utf8_unicode_ci NOT NULL,
  `content` longtext COLLATE utf8_unicode_ci NOT NULL,
  `dateAdded` datetime NOT NULL,
  `authorId` int(11) NOT NULL,
  `imageUrl` longtext COLLATE utf8_unicode_ci,
  `viewCount` int(11) NOT NULL,
  `category_id` int(11) DEFAULT NULL
) ENGINE=InnoDB DEFAULT CHARSET=utf8 COLLATE=utf8_unicode_ci;

--
-- Dumping data for table `articles`
--

INSERT INTO `articles` (`id`, `title`, `content`, `dateAdded`, `authorId`, `imageUrl`, `viewCount`, `category_id`) VALUES
(47, 'Burgas', 'Burgas (Bulgarian: Бургас, pronounced [burˈɡas]), sometimes transliterated as Bourgas, is the second largest city on the Bulgarian Black Sea Coast and the fourth-largest in Bulgaria after Sofia, Plovdiv, and Varna, with a population of 202,694 inhabitants, while 277,922 live in its urban area. It is the capital of Burgas Province and an important industrial, transport, cultural and tourist centre.\r\n\r\nThe city is surrounded by the Burgas Lakes and located at the westernmost point of the Black Sea, at the large Burgas Bay. The LUKOIL Neftochim Burgas is the largest oil refinery in southeastern Europe and the largest industrial enterprise. The Port of Burgas is the largest port in Bulgaria, and Burgas Airport is the second most important in the country. Burgas is the center of the Bulgarian fishing and fish processing industry.[2]', '2018-12-08 22:51:13', 1, 'https://www.ictc-burgas.org/medias/page/big/39/burgasdron.jpg', 14, 4),
(48, 'Sofia', 'Sofia (/ˈsoʊfiə, ˈsɒf-, soʊˈfiːə/ SOH-fee-ə, SOF-, soh-FEE-ə;[12][13] Bulgarian: Со́фия, translit. Sofiya,[14][15] IPA: [ˈsɔfijə] (About this soundlisten)) is the capital and largest city of Bulgaria. The city is at the foot of Vitosha Mountain in the western part of the country. Being in the centre of the Balkan peninsula, it is midway between the Black Sea and the Adriatic Sea, and closest to the Aegean Sea.[16][17]\r\n\r\nSofia has been an area of human habitation since at least 7000 BC.[3] The recorded history of Sofia begins with the attestation of the conquest of Serdica by the Roman Republic in 29 BC from the Celtic tribe Serdi, raided by Huns in 343-347 AD and 447 AD, conquered by Visigoths in 376-382 AD, conquered by Avars and Slavs in 617 AD, and on 9th April, 809 Serdica was surrendered to Krum of Bulgaria.[18] Bulgarian rule lasted until 1018, in 1040 and 1193-1382, which was interrupted by more than a century of Byzantine rule and by nearly five centuries-long Ottoman rule until Bulgarian rule was restored in 1878.[18] During World War II Sofia was bombarded by the UK and US Air Forces and at the end of the war, it was seized by the Soviet Army.\r\n\r\nBeing Bulgaria\'s primate city, Sofia is a hometown of many of the major local universities, cultural institutions and commercial companies.[19] Sofia is one of the top 10 best places for start-up business in the world, especially in information technologies.[20] Sofia was Europe\'s most affordable capital to visit in 2013.[21]\r\n\r\nThe population of Sofia declined down from 70,000 in the late 18th century, through 19,000 in 1870, to 11,649 in 1878 and began increasing.[18] Sofia hosts some 1.23 million[2] residents within a territory of 492 km2,[22] a concentration of 17.5% of the country population within the 200th percentile of the country territory. The urban area of Sofia hosts some 1.54 million[9] residents within 5723 km², which comprises Sofia City Province and parts of Sofia Province (Dragoman, Slivnitsa, Kostinbrod, Bozhurishte, Svoge, Elin Pelin, Gorna Malina, Ihtiman, Kostenets) and Pernik Province (Pernik, Radomir), representing 5.16% of the country territory.[10] The metropolitan area of Sofia is based upon one hour of car travel time, stretches internationally and includes Dimitrovgrad in Serbia.[23] Unlike most European metropolitan areas, it is not to be defined as a substantially functional metropolitan area, but is of the type with \"limited variety of functions\".[24] The metropolitan region of Sofia is inhabited by a population of 1.68 million[8] and is made up of the whole provinces Sofia City, Sofia and Pernik, comprising more than 10,000 km².[25]', '2018-12-08 23:00:16', 1, 'http://www.dronestagr.am/wp-content/uploads/2015/11/15-karolisjanulis-15-1200x674.jpg', 2, 4),
(49, 'Yambol', 'Yambol (Bulgarian: Ямбол) is a city in southeastern Bulgaria and administrative centre of Yambol Province. It lies on both banks of the Tundzha river in the historical region of Thrace. It is occasionally spelled Jambol.\r\n\r\nThe administrative centres of two municipalities are situated in Yambol. One is of the rural area of Tundzha Municipality and the other is of the homonymous Yambol Municipality that embraces the city itself.', '2018-12-08 23:01:53', 3, 'http://www.izh.ru/res_en/0_image_2166_1.jpg', 1, NULL),
(50, 'Rila Monastery', 'Monastery of Saint Ivan of Rila\r\nRila Monastery, August 2013.jpg\r\nCourtyard of Rila Monastery\r\nMonastery information\r\nOrder	Eastern Orthodox\r\nEstablished	927\r\nPeople\r\nFounder(s)	Saint Ivan of Rila\r\nSite\r\nLocation	Rila Mountains, Bulgaria\r\nUNESCO World Heritage site\r\nOfficial name	Rila Monastery Complex\r\nPart of	Rila Monastery (World Heritage Site)\r\nCriteria	Cultural: (vi)\r\nReference	216-001\r\nInscription	1983 (7th Session)\r\nArea	8.7 ha (940,000 sq ft)\r\nWebsite	www.rilamonastery.pmg-blg.com\r\nCoordinates	42°08′00″N 23°20′25″ECoordinates: 42°08′00″N 23°20′25″E\r\nRila Monastery is located in BulgariaRila Monastery\r\nLocation of Rila Monastery in Bulgaria\r\nThe Monastery of Saint Ivan of Rila, better known as the Rila Monastery (Bulgarian: Рилски манастир, Rilski manastir) is the largest and most famous Eastern Orthodox monastery in Bulgaria. It is situated in the southwestern Rila Mountains, 117 km (73 mi) south of the capital Sofia in the deep valley of the Rilska River (\"Rila River\") at an elevation of 1,147 m (3,763 ft) above sea level, inside of Rila Monastery Nature Park. The monastery is named after its founder, the hermit Ivan of Rila (876 - 946 AD), and houses around 60 monks.\r\n\r\nFounded in the 10th century, the Rila Monastery is regarded as one of Bulgaria\'s most important cultural, historical and architectural monuments and is a key tourist attraction for both Bulgaria and Southern Europe. In 2008 alone, it attracted 900,000 visitors.[1] The monastery is depicted on the reverse of the 1 lev banknote, issued in 1999.', '2018-12-08 23:03:11', 3, 'https://upload.wikimedia.org/wikipedia/commons/thumb/4/46/Rila_Monastery%2C_August_2013.jpg/1280px-Rila_Monastery%2C_August_2013.jpg', 2, NULL),
(51, 'Седемте рилски езера', 'Седемте рилски езера е група езера с ледников произход, разположена в планината Рила. Това е най-посещаваната от туристи езерна група в България и е един от стоте национални туристически обекта. Езерата се намират в Дамгския дял на Северозападна Рила и са разположени стъпаловидно между 2095 и 2535 m н.в. Заемат вдлъбнатини по склона на планината, като отделните езера са свързани помежду си чрез малки поточета. При преминаването на водата по тези поточета са образувани малки водоскоци и водопади. Първите три езера – Сълзата, Окото и Бъбрека – се оттичат всяко поотделно в Близнака, от който водата преминава последователно през Трилистника, Рибното и Долното езеро. През последните две езера минава един вече по-мощен поток, който, изтичайки от най-долното езеро, дава началото на река Джерман (ляв приток на Струма).\r\n\r\nИмето на всяко от седемте рилски езера отразява някоя особеност на съответното езеро. Езерото, което е разположено на най-голяма надморска височина, носи името Сълзата заради прозрачността на водите. Следващо по височина на разположение е Окото (наричано още Сърцето), което е с приблизително овална форма. Окото е най-дълбокото циркусно езеро в България – дълбочината му е 37,5 m. Бъбрека е езерото с най-стръмните брегове от цялата група. Четвъртото езеро е Близнака; то е най-голямото по площ от седемте. Езерото Трилистника е с неправилна форма и невисоки брегове. Най-плитко е Рибното езеро; на североизточния му бряг се намира хижата „Седемте езера“. Най-ниско разположено е Долното езеро, от което води началото си река Джерман.', '2018-12-08 23:04:33', 1, 'https://upload.wikimedia.org/wikipedia/commons/thumb/8/89/Seven_lakes.jpg/800px-Seven_lakes.jpg', 7, 5),
(52, 'Seattle', 'Seattle (/siˈætəl/ (About this soundlisten) see-AT-əl) is a seaport city on the West Coast of the United States. It is the seat of King County, Washington. With an estimated 730,000 residents as of 2018, Seattle is the largest city in both the state of Washington and the Pacific Northwest region of North America. According to U.S. Census data released in 2018, the Seattle metropolitan area’s population stands at 3.87 million, and ranks as the 15th largest in the United States.[9] In July 2013, it was the fastest-growing major city in the United States[10] and remained in the Top 5 in May 2015 with an annual growth rate of 2.1%.[11] In July 2016, Seattle was again the fastest-growing major U.S. city, with a 3.1% annual growth rate.[12] Seattle is the northernmost large city in the United States.\r\n\r\nThe city is situated on an isthmus between Puget Sound (an inlet of the Pacific Ocean) and Lake Washington, about 100 miles (160 km) south of the Canada–United States border. A major gateway for trade with Asia, Seattle is the fourth-largest port in North America in terms of container handling as of 2015.[13]\r\n\r\nThe Seattle area was inhabited by Native Americans for at least 4,000 years before the first permanent European settlers.[14] Arthur A. Denny and his group of travelers, subsequently known as the Denny Party, arrived from Illinois via Portland, Oregon, on the schooner Exact at Alki Point on November 13, 1851.[15] The settlement was moved to the eastern shore of Elliott Bay and named \"Seattle\" in 1852, in honor of Chief Si\'ahl of the local Duwamish and Suquamish tribes.\r\n\r\nLogging was Seattle\'s first major industry, but by the late 19th century, the city had become a commercial and shipbuilding center as a gateway to Alaska during the Klondike Gold Rush. Growth after World War II was partially due to the local Boeing company, which established Seattle as a center for aircraft manufacturing. The Seattle area developed into a technology center from the 1980s onwards with companies like Microsoft becoming established in the region; Microsoft founder Bill Gates is a Seattleite by birth. Internet retailer Amazon was founded in Seattle in 1994, and major airline Alaska Airlines was founded in SeaTac, Washington, serving Seattle\'s international airport, Seattle–Tacoma International Airport. The stream of new software, biotechnology, and Internet companies led to an economic revival, which increased the city\'s population by almost 50,000 between 1990 and 2000.\r\n\r\nSeattle has a noteworthy musical history. From 1918 to 1951, nearly two dozen jazz nightclubs existed along Jackson Street, from the current Chinatown/International District to the Central District. The jazz scene nurtured the early careers of Ray Charles, Quincy Jones, Ernestine Anderson, and others. Seattle is also the birthplace of rock musician Jimi Hendrix, as well as the origin of the bands Nirvana, Pearl Jam, Soundgarden, Alice in Chains, Foo Fighters and the alternative rock movement grunge.', '2018-12-08 23:06:33', 33, 'https://upload.wikimedia.org/wikipedia/commons/thumb/e/e3/Seattle_Kerry_Park_Skyline.jpg/1920px-Seattle_Kerry_Park_Skyline.jpg', 0, NULL),
(53, 'New York City', 'The City of New York, often called New York City (NYC) or simply New York (NY), is the most populous city in the United States.[9] With an estimated 2017 population of 8,622,698[7] distributed over a land area of about 302.6 square miles (784 km2),[10][11] New York City is also the most densely populated major city in the United States.[12] Located at the southern tip of the state of New York, the city is the center of the New York metropolitan area, the largest metropolitan area in the world by urban landmass[13] and one of the world\'s most populous megacities,[14][15] with an estimated 20,320,876 people in its 2017 Metropolitan Statistical Area and 23,876,155 residents in its Combined Statistical Area.[4][5] A global power city,[16] New York City has been described uniquely[17] as the cultural,[18][19][20][21] financial,[22][23] and media capital of the world,[24][25] and exerts a significant impact upon commerce,[23] entertainment, research, technology, education, politics, tourism, art, fashion, and sports. The city\'s fast pace[26][27] has inspired the term New York minute.[28] Home to the headquarters of the United Nations,[29] New York is an important center for international diplomacy.[30][31]\r\n\r\nSituated on one of the world\'s largest natural harbors,[32][33] New York City consists of five boroughs, each of which is a separate county of the State of New York.[34] The five boroughs – Brooklyn, Queens, Manhattan, The Bronx, and Staten Island – were consolidated into a single city in 1898.[35] The city and its metropolitan area constitute the premier gateway for legal immigration to the United States.[36] As many as 800 languages are spoken in New York,[37][38][39] making it the most linguistically diverse city in the world.[38][40][41] New York City is home to more than 3.2 million residents born outside the United States,[42] the largest foreign-born population of any city in the world.[43] In 2017, the New York metropolitan area produced a gross metropolitan product (GMP) of US$1.73 trillion.[44] If greater New York City were a sovereign state, it would have the 12th highest GDP in the world.[45]\r\n\r\nNew York City traces its origins to a trading post founded by colonists from the Dutch Republic in 1624 on Lower Manhattan; the post was named New Amsterdam in 1626.[46] The city and its surroundings came under English control in 1664[46] and were renamed New York after King Charles II of England granted the lands to his brother, the Duke of York.[47] New York served as the capital of the United States from 1785 until 1790.[48] It has been the country\'s largest city since 1790.[49] The Statue of Liberty greeted millions of immigrants as they came to the Americas by ship in the late 19th and early 20th centuries[50] and is a world symbol of the United States and its ideals of liberty and peace.[51] In the 21st century, New York has emerged as a global node of creativity and entrepreneurship,[52] social tolerance,[53] and environmental sustainability,[54][55] and as a symbol of freedom and cultural diversity.[56]\r\n\r\nMany districts and landmarks in New York City are well known, with the city having three of the world\'s ten most visited tourist attractions in 2013[57] and receiving a record 62.8 million tourists in 2017.[58] Several sources have ranked New York the most photographed city in the world.[59][60] Times Square, iconic as the world\'s \"heart\"[61] and its \"Crossroads\",[62] is the brightly illuminated hub of the Broadway Theater District,[63] one of the world\'s busiest pedestrian intersections,[64][65] and a major center of the world\'s entertainment industry.[66] The names of many of the city\'s landmarks, skyscrapers,[67] and parks are known around the world. Manhattan\'s real estate market is among the most expensive in the world.[68][69] New York is home to the largest ethnic Chinese population outside of Asia,[70][71] with multiple signature Chinatowns developing across the city.[72][73][74] Providing continuous 24/7 service,[75] the New York City Subway is the largest single-operator rapid transit system worldwide, with 472 rail stations.[76][77][78] Over 120 colleges and universities are located in New York City, including Columbia University, New York University, and Rockefeller University, which have been ranked among the top universities in the world.[79][80] Anchored by Wall Street in the Financial District of Lower Manhattan, it has been called both the most economically powerful city and the leading financial center of the world,[23][81][82][83] and the city is home to the world\'s two largest stock exchanges by total market capitalization, the New York Stock Exchange and NASDAQ.', '2018-12-08 23:08:49', 33, 'https://upload.wikimedia.org/wikipedia/commons/thumb/9/9d/NYC_Montage_2014_4_-_Jleon.jpg/800px-NYC_Montage_2014_4_-_Jleon.jpg', 0, NULL),
(54, 'Hạ Long Bay', 'Ha Long Bay\r\nUNESCO World Heritage site\r\nHalong ensemble (colour corrected).jpg\r\nLocation	Vietnam\r\nCriteria	Natural: vii, viii\r\nReference	672\r\nInscription	1994 (18th Session)\r\nExtensions	2000\r\nCoordinates	20°54′N 107°12′ECoordinates: 20°54′N 107°12′E\r\nHạ Long Bay is located in VietnamHạ Long Bay\r\nLocation of Hạ Long Bay in Vietnam\r\n	This article contains Vietnamese text. Without proper rendering support, you may see question marks, boxes, or other symbols instead of chữ nôm, chữ Hán and chữ quốc ngữ.\r\nHa Long Bay (Vietnamese: Vịnh Hạ Long, IPA: [vînˀ hâːˀ lawŋm] (About this soundlisten)) is a UNESCO World Heritage Site and popular travel destination in Quang Ninh Province, Vietnam. The name Hạ Long means \"descending dragon\". Administratively, the bay belongs to Ha Long City, Cam Pha City, and is a part of Van Don District. The bay features thousands of limestone karsts and isles in various shapes and sizes. Ha Long Bay is a center of a larger zone which includes Bai Tu Long Bay to the northeast, and Cat Ba Island to the southwest. These larger zones share a similar geological, geographical, geomorphological, climate, and cultural characters.\r\n\r\nHa Long Bay has an area of around 1,553 km2, including 1,960–2,000 islets, most of which are limestone. The core of the bay has an area of 334 km2 with a high density of 775 islets.[1] The limestone in this bay has gone through 500 million years of formation in different conditions and environments. The evolution of the karst in this bay has taken 20 million years under the impact of the tropical wet climate.[2] The geo-diversity of the environment in the area has created biodiversity, including a tropical evergreen biosystem, oceanic and sea shore biosystem.[3] Ha Long Bay is home to 14 endemic floral species[4] and 60 endemic faunal species.[5]\r\n\r\nHistorical research surveys have shown the presence of prehistoric human beings in this area tens of thousands years ago. The successive ancient cultures are the Soi Nhu culture around 18,000–7000 BC, the Cai Beo culture 7000–5000 BC[6] and the Ha Long culture 5,000–3,500 years ago.[7] Ha Long Bay also marked important events in the history of Vietnam with many artifacts found in Bai Tho Mountain, Dau Go Cave, Bai Chay.[7]\r\n\r\n500 years ago, Nguyen Trai praised the beauty of Ha Long Bay in his verse Lộ nhập Vân Đồn, in which he called it \"rock wonder in the sky\".[8] In 1962, the Ministry of Culture, Sports and Tourism of North Vietnam listed Ha Long Bay in the National Relics and Landscapes publication.[9] In 1994, the core zone of Ha Long Bay was listed as a World Heritage Site according to Criterion VII, and listed for a second time according to Criterion VIII.', '2018-12-08 23:13:28', 33, 'https://www.getspabulous.com/wp-content/uploads/2015/09/DSC00575-2-850x567.jpg', 0, NULL),
(55, 'Sydney', 'Sydney (/ˈsɪdni/ (About this soundlisten))[7] is the state capital of New South Wales and the most populous city in Australia and Oceania.[8] Located on Australia\'s east coast, the metropolis surrounds Port Jackson and extends about 70 km (43.5 mi) on its periphery towards the Blue Mountains to the west, Hawkesbury to the north, and Macarthur to the south.[9] Sydney is made up of 658 suburbs, 40 local government areas and 15 contiguous regions. Residents of the city are known as \"Sydneysiders\".[10] As of June 2017, Sydney\'s estimated metropolitan population was 5,131,326.[11]\r\n\r\nIndigenous Australians have inhabited the Sydney area for at least 30,000 years, and it remains one of the richest in Australia in terms of Aboriginal archaeological sites, with thousands of engravings located throughout the region. In 1770, during his first Pacific voyage in the Endeavour, Lieutenant James Cook, after leaving Botany Bay, saw the entrance to Port Jackson, but sailed past and did not enter the inlet. In 1788, the First Fleet of convicts, led by Arthur Phillip, were the first recorded Europeans to sail into Port Jackson. Here they founded Sydney as a British penal colony, the first European settlement in Australia. Phillip named the city \"Sydney\" in recognition of Thomas Townshend, 1st Viscount Sydney.[12] Penal transportation to New South Wales ended soon after Sydney was incorporated as a city in 1842. A gold rush occurred in the colony in 1851, and over the next century, Sydney transformed from a colonial outpost into a major global cultural and economic centre. After World War II, it experienced mass migration and became one of the most multicultural cities in the world.[3] At the time of the 2011 census, more than 250 different languages were spoken in Sydney and about 40 percent of residents spoke a language other than English at home.[13] Furthermore, 36% of the population reported having been born overseas.[14][15]\r\n\r\nDespite being one of the most expensive cities in the world,[16] the 2018 Mercer Quality of Living Survey ranks Sydney tenth in the world in terms of quality of living,[17] making it one of the most livable cities.[18] It is classified as an Alpha World City by Globalization and World Cities Research Network, indicating its influence in the region and throughout the world.[19][20] Ranked eleventh in the world for economic opportunity,[21] Sydney has an advanced market economy with strengths in finance, manufacturing and tourism.[22][23] There is a significant concentration of foreign banks and multinational corporations in Sydney and the city is promoted as one of Asia Pacific\'s leading financial hubs.[24][25] Established in 1850, the University of Sydney is Australia\'s first university and is regarded as one of the world\'s leading universities.[26] Sydney is also home to the oldest library in Australia, State Library of New South Wales, opened in 1826.[27]\r\n\r\nSydney has hosted major international sporting events such as the 2000 Summer Olympics. The city is among the top fifteen most-visited cities in the world,[28] with millions of tourists coming each year to see the city\'s landmarks.[29] Boasting over 1,000,000 ha (2,500,000 acres) of nature reserves and parks,[30] its notable natural features include Sydney Harbour, the Royal National Park, Royal Botanic Garden and Hyde Park, the oldest parkland in the country.[31] Built attractions such as the Sydney Harbour Bridge and the World Heritage-listed Sydney Opera House are also well known to international visitors. The main passenger airport serving the metropolitan area is Kingsford-Smith Airport, one of the world\'s oldest continually operating airports.[32] Established in 1906, Central station, the largest and busiest railway station in the state, is the main hub of the city\'s rail network.', '2018-12-08 23:14:26', 33, 'https://upload.wikimedia.org/wikipedia/commons/thumb/5/51/Sydney_skyline_from_the_north_August_2016_%2829009142591%29.jpg/1920px-Sydney_skyline_from_the_north_August_2016_%2829009142591%29.jpg', 0, NULL),
(56, 'Shanghai', 'Shanghai (Chinese: 上海; Mandarin pronunciation: [ʂâŋ.xài] (About this soundlisten); Wu pronunciation: [zɑ̃.hɛ] (About this soundlisten)) is one of the four municipalities under the direct administration of the central government of the People\'s Republic of China, the largest city in China by population, and the second most populous city proper in the world, with a population of more than 24 million as of 2017.[14][15] It is a global financial centre[16] and transport hub, with the world\'s busiest container port.[17] Located in the Yangtze River Delta, it sits on the south edge of the estuary of the Yangtze in the middle portion of the East China coast. The municipality borders the provinces of Jiangsu and Zhejiang to the north, south and west, and is bounded to the east by the East China Sea.[18]\r\n\r\nAs a major administrative, shipping and trading city, Shanghai grew in importance in the 19th century due to trade and recognition of its favourable port location and economic potential. The city was one of five treaty ports forced open to foreign trade following the British victory over China in the First Opium War. The subsequent 1842 Treaty of Nanking and 1844 Treaty of Whampoa allowed the establishment of the Shanghai International Settlement and the French Concession. The city then flourished as a centre of commerce between China and other parts of the world (predominantly the Occident), and became the primary financial hub of the Asia-Pacific region in the 1930s.[19] However, with the Communist Party takeover of the mainland in 1949, trade was limited to other socialist countries, and the city\'s global influence declined. In the 1990s, the economic reforms introduced by Deng Xiaoping resulted in an intense re-development of the city, aiding the return of finance and foreign investment to the city. It has since re-emerged as a hub for international trade and finance; it is the home of the Shanghai Stock Exchange, one of the world\'s largest by market capitalization.[20]\r\n\r\nShanghai has been described as the \"showpiece\" of the booming economy of mainland China;[21][22] renowned for its Lujiazui skyline, and museums and historic buildings, such as those along The Bund, as well as the City God Temple and the Yu Garden.', '2018-12-08 23:16:18', 33, 'https://c1.staticflickr.com/1/529/20009478340_80d5bb5492_b.jpg', 0, NULL),
(57, 'Honningsvåg', 'Honningsvåg\r\nTown\r\nView of the town\r\nView of the town\r\nHonningsvåg is located in FinnmarkHonningsvågHonningsvåg\r\nLocation of the town\r\nShow map of Finnmark\r\nShow map of Norway\r\nShow all\r\nCoordinates: 70°58′43″N 25°58′36″ECoordinates: 70°58′43″N 25°58′36″E\r\nCountry	Norway\r\nRegion	Northern Norway\r\nCounty	Finnmark\r\nDistrict	Vest-Finnmark\r\nMunicipality	Nordkapp Municipality\r\nArea[1]\r\n • Total	1.05 km2 (0.41 sq mi)\r\nElevation[2]	12 m (39 ft)\r\nPopulation (2017)[1]\r\n • Total	2,484\r\n • Density	2,366/km2 (6,130/sq mi)\r\nTime zone	UTC+01:00 (CET)\r\n • Summer (DST)	UTC+02:00 (CEST)\r\nPost Code	\r\n9750 Honningsvåg\r\nAbout this soundHonningsvåg (help·info) is the northernmost city in Norway. It is located in Nordkapp Municipality in Finnmark county. Legislation effective in 1997 states that a Norwegian city/town (same word in Norwegian) must have at least 5,000 inhabitants, but Honningsvåg was declared a city in 1996, thus exempt from this legislation, so it is also one of the smallest cities in Norway. The 1.05-square-kilometre (260-acre) town has a population (2017) of 2,484 which gives the town a population density of 2,366 inhabitants per square kilometre (6,130/sq mi).[1]\r\n\r\nHonningsvåg is situated at a bay on the southeastern side of the large island of Magerøya, while the famous North Cape and its visitor center is on the northern side of the island. Honningsvåg is a port of call for cruise ships, especially in the summer months. The ice-free ocean (southwestern part of the Barents Sea) provides rich fisheries and tourism is also important to the town. Even at 71°N, many private gardens in Honningsvåg have trees, although rarely more than 3 to 4 metres (9.8 to 13.1 ft) tall.[3]\r\n\r\nThe famous dog Bamse came from Honningsvåg.', '2018-12-08 23:17:55', 33, 'https://a.travel-assets.com/findyours-php/viewfinder/images/res60/155000/155341-Honningsvag.jpg', 0, NULL),
(58, 'Rio de Janeiro', 'Rio de Janeiro\r\nMunicipality\r\nMunicípio do Rio de Janeiro\r\nMunicipality of Rio de Janeiro\r\nRio Collage.png\r\nFrom the top, clockwise: panorama of the buildings of the Rio Downtown; statue of Christ the Redeemer on Corcovado; Sugarloaf Mountain with Botafogo\'s beach; Barra da Tijuca beach with the Pedra da Gávea at background; Museum of Tomorrow in Plaza Mauá with Rio–Niterói Bridge at background and tram of Santa Teresa.\r\nFlag of Rio de Janeiro\r\nFlag	Coat of arms of Rio de Janeiro\r\nCoat of arms\r\nNickname(s): Cidade Maravilhosa (Marvelous City) Princesa Maravilhosa (Marvelous Princess) Cidade dos Brasileiros (City of Brazilians)\r\nLocation in the state of Rio de Janeiro\r\nLocation in the state of Rio de Janeiro\r\nRio de Janeiro is located in BrazilRio de JaneiroRio de Janeiro\r\nLocation in Brazil, east South America\r\nCoordinates: 22°54′30″S 43°11′47″WCoordinates: 22°54′30″S 43°11′47″W\r\nCountry	 Brazil\r\nRegion	Southeast\r\nState	Bandeira do estado do Rio de Janeiro.svg Rio de Janeiro\r\nHistoric countries	 Kingdom of Portugal \r\nFlag of the United Kingdom of Portugal, Brazil, and Algarves.svg United Kingdom of Portugal, Brazil and the Algarves\r\nFounded	1 March 1565[1]\r\nGovernment\r\n • Type	Mayor-council\r\n • Mayor	Marcelo Crivella (PRB)\r\n • Vice Mayor	Vacant[note 1]\r\nArea\r\n • Municipality	1,221 km2 (486.5 sq mi)\r\n • Metro	4,539.8 km2 (1,759.6 sq mi)\r\nElevation	from 0 to 1,020 m (from 0 to 3,349 ft)\r\nPopulation (2015)[2]\r\n • Municipality	6,688,930\r\n • Rank	2nd\r\n • Urban	11,616,000\r\n • Metro	12,280,702 (2nd)\r\n • Metro density	2,705.1/km2 (7,006/sq mi)\r\nDemonym(s)	Carioca and Guanabarino(a) (by former city-state, obsolete)\r\nTime zone	UTC−3 (BRT)\r\n • Summer (DST)	UTC−2 (BRST)\r\nPostal Code	\r\n20000-000\r\nArea code(s)	+55 21\r\nWebsite	prefeitura.rio\r\nUNESCO World Heritage Site\r\nType	Cultural\r\nCriteria	vi\r\nDesignated	2012 (36th session)\r\nReference no.	1100\r\nState Party	Brazil\r\nLatin America and Europe\r\nRio de Janeiro (/ˈriːoʊ di ʒəˈnɛəroʊ, - deɪ -, - də -/; Portuguese: [ˈʁi.u d(ʒi) ʒɐˈnejɾu];[3] River of January), or simply Rio,[4] is the second-most populous municipality in Brazil and the sixth-most populous in the Americas. The metropolis is anchor to the Rio de Janeiro metropolitan area, the second-most populous metropolitan area in Brazil and sixth-most populous in the Americas. Rio de Janeiro is the capital of the state of Rio de Janeiro, Brazil\'s third-most populous state. Part of the city has been designated as a World Heritage Site, named \"Rio de Janeiro: Carioca Landscapes between the Mountain and the Sea\", by UNESCO on 1 July 2012 as a Cultural Landscape.[5]\r\n\r\nFounded in 1565 by the Portuguese, the city was initially the seat of the Captaincy of Rio de Janeiro, a domain of the Portuguese Empire. Later, in 1763, it became the capital of the State of Brazil, a state of the Portuguese Empire. In 1808, when the Portuguese Royal Court transferred itself from Portugal to Brazil, Rio de Janeiro became the chosen seat of the court of Queen Maria I of Portugal, who subsequently, in 1815, under the leadership of her son, the Prince Regent, and future King João VI of Portugal, raised Brazil to the dignity of a kingdom, within the United Kingdom of Portugal, Brazil, and Algarves. Rio stayed the capital of the pluricontinental Lusitanian monarchy until 1822, when the War of Brazilian Independence began. This is one of the few instances in history that the capital of a colonising country officially shifted to a city in one of its colonies. Rio de Janeiro subsequently served as the capital of the independent monarchy, the Empire of Brazil, until 1889, and then the capital of a republican Brazil until 1960 when the capital was transferred to Brasília.\r\n\r\nRio de Janeiro has the second largest municipal GDP in the country,[6] and 30th largest in the world in 2008,[7] estimated at about R$343 billion (IBGE, 2008) (nearly US$201 billion). It is headquarters to Brazilian oil, mining, and telecommunications companies, including two of the country\'s major corporations – Petrobras and Vale – and Latin America\'s largest telemedia conglomerate, Grupo Globo. The home of many universities and institutes, it is the second-largest center of research and development in Brazil, accounting for 17% of national scientific output according to 2005 data.[8] Despite the high perception of crime, the city has a lower incidence of crime than Northeast Brazil, but it is far more criminalized than the south region of Brazil, which is considered the safest in the country.[9]\r\n\r\nRio de Janeiro is one of the most visited cities in the Southern Hemisphere and is known for its natural settings, Carnival, samba, bossa nova, and balneario beaches[10] such as Barra da Tijuca, Copacabana, Ipanema, and Leblon. In addition to the beaches, some of the most famous landmarks include the giant statue of Christ the Redeemer atop Corcovado mountain, named one of the New Seven Wonders of the World; Sugarloaf Mountain with its cable car; the Sambódromo (Sambadrome), a permanent grandstand-lined parade avenue which is used during Carnival; and Maracanã Stadium, one of the world\'s largest football stadiums. Rio de Janeiro was the host of the 2016 Summer Olympics and the 2016 Summer Paralympics, making the city the first South American and Portuguese-speaking city to ever host the events, and the third time the Olympics were held in a Southern Hemisphere city.[11] The Maracanã Stadium held the finals of the 1950 and 2014 FIFA World Cups, the 2013 FIFA Confederations Cup, and the XV Pan American Games.', '2018-12-08 23:18:54', 33, 'https://upload.wikimedia.org/wikipedia/commons/7/79/Rio_Collage.png', 0, NULL),
(59, 'Durban', 'Durban (Zulu: eThekwini, from itheku meaning \"bay/lagoon\") is the third most populous city in South Africa—after Johannesburg and Cape Town—and the largest city in the South African province of KwaZulu-Natal. Located on the east coast of South Africa, Durban is famous for being the busiest port in the country. It is also seen as one of the major centres of tourism because of the city\'s warm subtropical climate and extensive beaches. Durban forms part of the eThekwini Metropolitan Municipality, which includes neighboring towns and has a population of about 3.44 million,[7] making the combined municipality one of the biggest cities on the Indian Ocean coast of the African continent. It is also the second most important manufacturing hub in South Africa after Johannesburg. In 2015, Durban was recognised as one of the New7Wonders Cities (along with Vigan, Doha, La Paz, Havana, Beirut, and Kuala Lumpur).', '2018-12-08 23:20:19', 33, 'https://upload.wikimedia.org/wikipedia/commons/4/4c/ZA-Durban-straende.jpg', 0, NULL),
(60, 'Panama Canal', 'The Panama Canal (Spanish: Canal de Panamá) is an artificial 82 km (51 mi) waterway in Panama that connects the Atlantic Ocean with the Pacific Ocean. The canal cuts across the Isthmus of Panama and is a conduit for maritime trade. Canal locks are at each end to lift ships up to Gatun Lake, an artificial lake created to reduce the amount of excavation work required for the canal, 26 m (85 ft) above sea level, and then lower the ships at the other end. The original locks are 34 m (110 ft) wide. A third, wider lane of locks was constructed between September 2007 and May 2016. The expanded canal began commercial operation on June 26, 2016. The new locks allow transit of larger, post-Panamax ships, capable of handling more cargo.[1]\r\n\r\nFrance began work on the canal in 1881, but stopped due to engineering problems and a high worker mortality rate. The United States took over the project in 1904 and opened the canal on August 15, 1914. One of the largest and most difficult engineering projects ever undertaken, the Panama Canal shortcut greatly reduced the time for ships to travel between the Atlantic and Pacific Oceans, enabling them to avoid the lengthy, hazardous Cape Horn route around the southernmost tip of South America via the Drake Passage or Strait of Magellan.\r\n\r\nColombia, France, and later the United States controlled the territory surrounding the canal during construction. The US continued to control the canal and surrounding Panama Canal Zone until the 1977 Torrijos–Carter Treaties provided for handover to Panama. After a period of joint American–Panamanian control, in 1999, the canal was taken over by the Panamanian government. It is now managed and operated by the government-owned Panama Canal Authority.\r\n\r\nAnnual traffic has risen from about 1,000 ships in 1914, when the canal opened, to 14,702 vessels in 2008, for a total of 333.7 million Panama Canal/Universal Measurement System (PC/UMS) tons. By 2012, more than 815,000 vessels had passed through the canal.[2] It takes 11.38 hours to pass through the Panama Canal[3]. The American Society of Civil Engineers has ranked the Panama Canal one of the seven wonders of the modern world.', '2018-12-08 23:21:07', 33, 'https://upload.wikimedia.org/wikipedia/commons/thumb/9/91/Panama_Canal_Map_EN.png/1024px-Panama_Canal_Map_EN.png', 2, NULL),
(61, 'Melbourne', 'Melbourne\r\nVictoria\r\nMelbourne city montage.jpg\r\n(From top left to bottom right) Melbourne City Centre, Flinders Street station, Shrine of Remembrance, Federation Square, Melbourne Cricket Ground, Royal Exhibition Building.\r\nMap of Melbourne, Australia, printable and editable\r\nMap of Melbourne, Australia, printable and editable\r\nMelbourne is located in AustraliaMelbourneMelbourne\r\nCoordinates	37°48′49″S 144°57′47″ECoordinates: 37°48′49″S 144°57′47″E\r\nPopulation	5,000,000 (2018)[1] (2nd)\r\n • Density	500/km2 (1,300/sq mi)\r\nEstablished	30 August 1835\r\nElevation	31 m (102 ft)\r\nArea	9,992.5 km2 (3,858.1 sq mi)(GCCSA)[2]\r\nTime zone	AEST (UTC+10)\r\n • Summer (DST)	AEDT (UTC+11)\r\nLocation	\r\n465 km (289 mi) from Canberra[3]\r\n654 km (406 mi) from Adelaide[4]\r\n713 km (443 mi) from Sydney[5]\r\n1,374 km (854 mi) from Brisbane[6]\r\n2,721 km (1,691 mi) from Perth[7]\r\nLGA(s)	31 Municipalities across Greater Melbourne\r\nCounty	Grant, Bourke, Mornington\r\nState electorate(s)	54 electoral districts and regions\r\nFederal Division(s)	23 Divisions\r\nMean max temp	Mean min temp	Annual rainfall\r\n19.3 °C \r\n67 °F	11.4 °C \r\n53 °F	602.6 mm \r\n23.7 in\r\nMelbourne (/ˈmɛlbən/ (About this soundlisten) MEL-bən)[8][9] is the capital and most populous city of the Australian state of Victoria, and the second most populous city in Australia and Oceania.[1] Its name refers to an urban agglomeration of 9,992.5 km2 (3,858.1 sq mi),[2] comprising a metropolitan area with 31 municipalities,[10] and is also the common name for its city centre. The city occupies much of the coastline of Port Phillip bay and spreads into the hinterlands towards the Dandenong and Macedon ranges, Mornington Peninsula and Yarra Valley. It has a population of approximately 5 million (19% of the population of Australia), and its inhabitants are referred to as \"Melburnians\".[11][12]\r\n\r\nThe city was founded on 30 August 1835, in what was the British colony of New South Wales, by free settlers from the colony of Van Diemen’s Land.[13] It was incorporated as a Crown settlement in 1837 and named in honour of the British Prime Minister, William Lamb, 2nd Viscount Melbourne.[13] It was declared a city by Queen Victoria in 1847, after which it became the capital of the new colony of Victoria in 1851.[14] In the wake of the 1850s Victorian gold rush, the city entered the \"Marvellous Melbourne\" boom period, transforming into one of the most important cities in the British Empire and one of the largest and wealthiest in the world.[15][16] After the federation of Australia in 1901, it served as interim seat of government of the new nation until Canberra became the permanent capital in 1927.[17] Today, it is a leading financial centre in the Asia-Pacific region and ranks 20th in the Global Financial Centres Index.[18]\r\n\r\nThe city is home to many of the best-known cultural institutions in the nation, such as the Melbourne Cricket Ground, the National Gallery of Victoria and the World Heritage-listed Royal Exhibition Building. It is also the birthplace of Australian impressionism, Australian rules football, the Australian film and television industries and Australian contemporary dance. More recently, it has been recognised as a UNESCO City of Literature and a global centre for street art, live music and theatre. It is the host city of annual international events such as the Australian Grand Prix, the Australian Open and the Melbourne Cup, and has also hosted the 1956 Summer Olympics and the 2006 Commonwealth Games. Due to it rating highly in entertainment, tourism and sport,[19] as well as education, health care, research and development, the EIU currently ranks it the second most liveable city in the world.[20]\r\n\r\nThe main airport serving the city is Melbourne Airport (also referred to as Tullamarine Airport), which is the second busiest in Australia, and Australia\'s busiest seaport the Port of Melbourne.[21] Its main metropolitan rail terminus is Flinders Street station and its main regional rail and road coach terminus is Southern Cross station. It also has the most extensive freeway network in Australia and the largest urban tram network in the world.', '2018-12-08 23:22:31', 33, 'https://upload.wikimedia.org/wikipedia/commons/thumb/d/d8/Melbourne_city_montage.jpg/405px-Melbourne_city_montage.jpg', 0, NULL),
(62, 'Auckland', 'Auckland, based around 2 large harbours, is a major city in the north of New Zealand’s North Island. In the centre, the iconic Sky Tower has views of Viaduct Harbour, which is full of superyachts and lined with bars and cafes. Auckland Domain, the city’s oldest park, is based around an extinct volcano and home to the formal Wintergardens. Near Downtown, Mission Bay Beach has a seaside promenade.', '2018-12-08 23:26:07', 33, 'https://www.ef.com/sitecore/__~/media/efcom/2018/ils/destinations/australia/Auckland/Auckland-Stage-Destop.jpg', 0, NULL),
(63, 'Sint Maarten', 'Sint Maarten (Dutch pronunciation: [sɪnt ˈmaːrtə(n)]) is an island country in the Caribbean. It is a constituent country of the Kingdom of the Netherlands. With a population of 40,120 on an area of 37 km2 (14 sq mi), it encompasses the southern 40% of the divided island of Saint Martin, while the northern 60% of the island constitutes the French overseas collectivity of Saint-Martin. Sint Maarten\'s capital is Philipsburg.\r\n\r\nBefore 10 October 2010, Sint Maarten was known as the Island Territory of Sint Maarten (Dutch: Eilandgebied Sint Maarten), and was one of five island territories (eilandgebieden) that constituted the Netherlands Antilles.\r\n\r\nOn 6 and 7 September 2017 the island was hit by Category 5 Hurricane Irma, which caused widespread and significant damage to buildings and infrastructure. A total of two deaths had been reported as of 8 September. By then, \"many inhabitants [were] devoid of basic necessities\" and looting had become a serious problem.[5]\r\n\r\nOn 10 October 2017, Princess Juliana International Airport commenced commercial flights.[6] Operation of commercial flights will continue in temporary structures, as the original structure of Princess Juliana International Airport undergoes repairs.[7]\r\n\r\nSint Maarten has the 14th largest GDP per capita in the world (including territories) when measured by purchasing power parity, over three times as high as its French counterpart.', '2018-12-08 23:29:17', 1, 'https://images.spot.im/v1/production/zco1vnju1zotmrsa7ucf', 26, 1),
(64, 'Cape Town', 'Cape Town (Afrikaans: Kaapstad [ˈkɑːpstat]; Xhosa: iKapa; Dutch: Kaapstad) is a coastal city in South Africa. It is the capital and primate city of the Western Cape province.[6] It forms part of the City of Cape Town metropolitan municipality.\r\n\r\nAs the place where the Parliament of South Africa is found, Cape Town is the legislative capital of South Africa.[7] The other two capitals are located in Pretoria (the administrative capital[8] where the President and Cabinet work) and Bloemfontein (the judicial capital where the National Court of Appeal is located[9]). The city is known for its harbour, for its natural setting in the Cape Floristic Region, and for landmarks as Table Mountain and Cape Point. As of 2014, it is the 10th most populous city[clarification needed] in Africa and home to 64% of the Western Cape\'s population.[10] It is one of the most multicultural cities in the world, reflecting its role as a major destination for immigrants and expatriates to South Africa.[11] The city was named the World Design Capital for 2014 by the International Council of Societies of Industrial Design.[12] In 2014, Cape Town was named the best place in the world to visit by both The New York Times[13] and The Daily Telegraph.[14]\r\n\r\nLocated on the shore of Table Bay, Cape Town, as the oldest urban area in South Africa, was developed by the Dutch East India Company (VOC) as a supply station for Dutch ships sailing to East Africa, India, and the Far East. Jan van Riebeeck\'s arrival on 6 April 1652 established Dutch Cape Colony, the first permanent European settlement in South Africa. Cape Town outgrew its original purpose as the first European outpost at the Castle of Good Hope, becoming the economic and cultural hub of the Cape Colony. Until the Witwatersrand Gold Rush and the development of Johannesburg, Cape Town was the largest city in South Africa.', '2018-12-08 23:30:46', 33, 'http://www.travelstart.co.za/blog/wp-content/uploads/2018/05/main-best-time-to-visit-cape-town.jpg', 0, NULL);
INSERT INTO `articles` (`id`, `title`, `content`, `dateAdded`, `authorId`, `imageUrl`, `viewCount`, `category_id`) VALUES
(65, 'Singapore', 'Republic of Singapore\r\nRepublik Singapura  (Malay)\r\n新加坡共和国 (Chinese)\r\nசிங்கப்பூர் குடியரசு (Tamil)\r\nFlag of Singapore\r\nFlag\r\n{{{coat_alt}}}\r\nCoat of arms\r\nMotto: \r\n\"Majulah Singapura\" (Malay)\r\n(English: \"Onward, Singapore\")\r\nAnthem: Majulah Singapura\r\n(English: \"Onward, Singapore\")\r\nMENU0:00\r\n   Singapore in    ASEAN\r\n   Singapore in    ASEAN\r\nLocation of Singapore\r\nCapital	Singapore (city-state)\r\n1°17′N 103°50′E\r\nLargest PA	Bedok[1]\r\n1°19′25″N 103°55′38″E\r\nOfficial languages	\r\nEnglishMalayMandarinTamil\r\nRecognised national languages	\r\nMalay\r\nOfficial scripts	\r\nRoman (Latin)Simplified ChineseTamil\r\nEthnic groups (2015)[2]	\r\n74.3% Chinese\r\n13.3% Malay\r\n9.1% Indian\r\n3.3% Others\r\nReligion	\r\n33.2% Buddhism\r\n18.8% Christianity\r\n18.5% No religion\r\n14.0% Islam\r\n10.0% Taoism and\r\nfolk religion\r\n5.0% Hinduism\r\n0.6% Others\r\nDemonym(s)	Singaporean\r\nGovernment	Unitary dominant-party parliamentary republic\r\n• President\r\nHalimah Yacob\r\n• Prime Minister\r\nLee Hsien Loong\r\n• Deputy Prime Ministers\r\nTeo Chee Hean\r\nTharman Shanmugaratnam\r\nLegislature	Parliament\r\nIndependence from the United Kingdom\r\n• Independence of the Federation of Malaya\r\n31 August 1957[3]\r\n• Singapore in Malaysia\r\n16 September 1963\r\n• Proclamation of Singapore\r\n9 August 1965\r\n• ASEAN Declaration\r\n8 August 1967\r\nArea\r\n• Total\r\n722.5 km2 (279.0 sq mi)[4] (176th)\r\nPopulation\r\n• 2018 estimate\r\n5,638,700[5][Note 1] (113th)\r\n• Density\r\n7,804/km2 (20,212.3/sq mi) (3rd)\r\nGDP (PPP)	2018 estimate\r\n• Total\r\n$554.855 billion[6] (39th)\r\n• Per capita\r\n$98,014[6] (3rd)\r\nGDP (nominal)	2018 estimate\r\n• Total\r\n$349.659 billion[6] (41st)\r\n• Per capita\r\n$61,766[6] (8th)\r\nGini (2014)	Negative increase 46.4[7]\r\nhigh · 30th\r\nHDI (2017)	Increase 0.932[8]\r\nvery high · 9th\r\nCurrency	Singapore dollar (SGD)\r\nTime zone	UTC+8 (SST)\r\nDate format	dd-mm-yyyy\r\nDriving side	left\r\nCalling code	+65\r\nISO 3166 code	SG\r\nInternet TLD	\r\n.sg.新加坡.சிங்கப்பூர்\r\nSingapore (/ˈsɪŋ(ɡ)əpɔːr/ (About this soundlisten)), officially the Republic of Singapore (Malay: Republik Singapura; Chinese: 新加坡共和国; Tamil: சிங்கப்பூர் குடியரசு), is a sovereign city-state and island country in Southeast Asia. It lies one degree (137 kilometres or 85 miles) north of the equator, at the southern tip of the Malay Peninsula, with Indonesia\'s Riau Islands to the south and Peninsular Malaysia to the north. Singapore\'s territory consists of one main island along with 62 other islets. Since independence, extensive land reclamation has increased its total size by 23% (130 square kilometres or 50 square miles). The country is known for its transition from third world to first world in a single generation, under the leadership of its founding father, Lee Kuan Yew.[9]\r\n\r\nStamford Raffles founded colonial Singapore in 1819 as a trading post of the British East India Company. After the company\'s collapse in 1858, the islands were ceded to the British Raj as a crown colony. During the Second World War, Singapore was occupied by Japan. It gained independence from the UK in 1963 by federating with other former British territories to form Malaysia, but separated two years later over ideological differences, becoming a sovereign nation in 1965. After early years of turbulence and despite lacking natural resources and a hinterland, the nation developed rapidly as an Asian Tiger economy, based on external trade and its workforce.\r\n\r\nSingapore is a global hub for education,[10] entertainment,[11] finance, healthcare,[12] human capital,[13] innovation,[14] logistics,[15] manufacturing,[16] technology,[17] tourism,[18] trade, and transport.[19] The city ranks highly in numerous international rankings, and has been recognized as the most \"technology-ready\" nation (WEF), top International-meetings city (UIA),[20][21] city with \"best investment potential\" (BERI), world\'s smartest city,[22] world\'s safest country,[23][24] second-most competitive country, third-largest foreign exchange market, third-largest financial centre, third-largest oil refining and trading centre, fifth-most innovative country, and the second-busiest container port.[25] The Economist has ranked Singapore as the most expensive city to live in, since 2013.[26] It is identified as a tax haven. Singapore is the only country in Asia with an AAA sovereign rating from all major rating agencies, and one of 11 worldwide. Globally, the Port of Singapore and Changi Airport have held the titles of leading \"Maritime Capital\" and \"Best Airport\" respectively for consecutive years, while Singapore Airlines is the 2018 \"World\'s Best Airline\".[27][28]\r\n\r\nSingapore ranks 9th on the UN Human Development Index with the 3rd highest GDP per capita. It is placed highly in key social indicators: education, healthcare, life expectancy, quality of life, personal safety and housing. Although income inequality is high, 90% of homes are owner-occupied. According to the Democracy Index, the country is described as a \"flawed democracy\". The Singaporean passport is second in the world after Japan for visa-free travel granted by the most countries to its citizens.[29]\r\n\r\nThe city-state is home to 5.6 million residents, 39% of whom are foreign nationals, including permanent residents. There are four official languages: English, Malay, Mandarin Chinese, and Tamil; most Singaporeans are bilingual and English serves as the nation\'s lingua franca. Its cultural diversity is reflected in its extensive ethnic cuisine and major festivals. Pew Research has found that Singapore has the highest religious diversity of any country. Multiracialism has been enshrined in its constitution since independence, and continues to shape national policies in education, housing, politics, among others.\r\n\r\nSingapore is a unitary parliamentary republic with a Westminster system of unicameral parliamentary government. The People\'s Action Party has won every election since self-government began in 1959. As one of the five founding members of ASEAN, Singapore is the host of the Asia-Pacific Economic Cooperation (APEC) Secretariat and Pacific Economic Cooperation Council (PECC) Secretariat,[30] as well as many international conferences and events. It is also a member of the East Asia Summit, Non-Aligned Movement and the Commonwealth of Nations.', '2018-12-08 23:32:26', 33, 'http://www.changiairport.com/content/dam/cag/5-airport-experience/3-services-facilities/free_singapore_tour_900.jpg', 0, NULL),
(66, 'Dubai', 'Dubai\r\nدبي\r\nMetropolis\r\nDubai\r\nClockwise from top left: skyline with Burj Khalifa; Burj Al Arab; Palm Jumeirah and The World Islands; Dubai Marina; and Sheik Zayed Road.\r\nClockwise from top left: skyline with Burj Khalifa; Burj Al Arab; Palm Jumeirah and The World Islands; Dubai Marina; and Sheik Zayed Road.\r\nFlag of Dubai\r\nFlag	Coat of arms of Dubai\r\nCoat of arms\r\nDubai is located in United Arab EmiratesDubaiDubai\r\nLocation within the United Arab Emirates\r\nShow map of United Arab Emirates\r\nShow map of Asia\r\nShow map of Earth\r\nShow all\r\nCoordinates: 25°15′47″N 55°17′50″ECoordinates: 25°15′47″N 55°17′50″E\r\nCountry	 United Arab Emirates\r\nEmirate	Dubai Dubai\r\nFounded by	Ubaid bin Saeed and Maktum bin Butti Al Maktoum\r\nSeat	Dubai\r\nSubdivisions	\r\nTowns and villages[show]\r\nGovernment\r\n • Type	Constitutional monarchy\r\n • Emir	Mohammed bin Rashid Al Maktoum\r\n • Crown Prince	Hamdan bin Mohammed bin Rashid Al Maktoum\r\nArea[2]\r\n • Metropolis	4,114 km2 (1,588 sq mi)\r\nPopulation (8 October 2018)[3]\r\n • Metropolis	3,137,463\r\n • Metro	~5,640,000\r\n • 	Nationalities: \r\n43.3% Indian \r\n23% Emirati \r\n17% Pakistani \r\n7.5% Bangladeshi \r\n4.2% Filipino \r\n1.5% Sri Lankan \r\n0.3% American \r\n5.2% other countries\r\nTime zone	UTC+4 (UAE Standard Time)\r\nNominal GDP	2016 estimate\r\nTotal	USD 108 billion[4]\r\nPer capita	USD 35,000\r\nWebsite	Dubai Municipality\r\nDubai Tourism\r\n	This article contains Arabic text. Without proper rendering support, you may see question marks, boxes, or other symbols.\r\n\r\nْUmm Hurair Road in Dubai\r\nDubai (/duːˈbaɪ/ doo-BY; Arabic: دبي‎ Dubay, Gulf Arabic: Arabic pronunciation: [dʊˈbɑj]) is the largest and most populous city in the United Arab Emirates (UAE).[5] On the southeast coast of the Persian Gulf, it is the capital of the Emirate of Dubai, one of the seven emirates that make up the country.[6][7][8]\r\n\r\nDubai is a global city and business hub of the Middle East.[9] It is also a major global transport hub for passengers and cargo.[10] Oil revenue helped accelerate the development of the city, which was already a major mercantile hub, but Dubai\'s oil reserves are limited and production levels are low: today, less than 5% of the emirate\'s revenue comes from oil.[11] A growing centre for regional and international trade since the early 20th century, Dubai\'s economy today relies on revenues from trade, tourism, aviation, real estate, and financial services.[12][13][14][15]\r\n\r\nDubai has attracted world attention through large construction projects and sports events, in particular the world\'s tallest building, the Burj Khalifa. Companies in Dubai have in the past been criticised for human rights violations against labourers.[16][17][18]\r\n\r\nAs of 2012, Dubai was the most expensive city in the Middle East.[19][20] In 2014, Dubai\'s hotel rooms were rated as the second most expensive in the world.', '2018-12-08 23:33:38', 33, 'https://www.timeoutdubai.com/sites/default/files/tod/styles/full_img/public/images/2018/08/12/dubai_eid.jpg?itok=DHrHAYX5', 0, NULL),
(67, 'Monaco', 'Principality of Monaco\r\nPrincipauté de Monaco (French)[a]\r\nFlag of Monaco\r\nFlag\r\n{{{coat_alt}}}\r\nCoat of arms\r\nMotto: \"Deo Juvante\" (Latin)\r\n(English: \"With God\'s Help\")\r\nAnthem: \"Hymne Monégasque\"\r\n(English: \"Hymn of Monaco\") \r\nMENU0:00\r\nLocation of  Monaco  (green) in Europe  (green & dark grey)\r\nLocation of  Monaco  (green)\r\nin Europe  (green & dark grey)\r\n\r\nCapital	Monaco (city-state)[a][1][2]\r\n43°44′N 7°25′E\r\nLargest Quartier	Monte Carlo\r\nOfficial languages	French[3]\r\nCommon languages	\r\nMonégasque\r\nItalian\r\nOccitan\r\nEnglish\r\nEthnic groups	\r\nMonégasques\r\nItalians\r\nFrench, Occitans\r\nReligion	Roman Catholicism (official)[4]\r\nDemonym(s)	\r\nMonégasque\r\nMonacan[c]\r\nGovernment	Unitary parliamentary constitutional monarchy\r\n• Monarch\r\nAlbert II\r\n• Minister of State\r\nSerge Telle\r\nLegislature	National Council\r\nIndependence\r\n• House of Grimaldi (under the sovereignty of the Republic of Genoa)\r\n1297\r\n• from the French Empire\r\n17 May 1814\r\n• from occupation of the Sixth Coalition\r\n17 June 1814\r\n• Franco-Monegasque Treaty\r\n1861\r\n• Constitution\r\n1911\r\nArea\r\n• Total\r\n2.020 km2 (0.780 sq mi) (194th)\r\n• Water (%)\r\nnegligible[5]\r\nPopulation\r\n• 2015 estimate\r\n38,400[6] (217th)\r\n• 2016 census\r\n37,308[5]\r\n• Density\r\n18,713/km2 (48,466.4/sq mi) (1st)\r\nGDP (nominal)	2016[b] estimate\r\n• Total\r\n$6.5 billion[7] (148th)\r\n• Per capita\r\n$168,000[8] (1st)\r\nCurrency	Euro (€) (EUR)\r\nTime zone	UTC+1 (CET)\r\n• Summer (DST)\r\nUTC+2 (CEST)\r\nDriving side	right[9]\r\nCalling code	+377\r\nISO 3166 code	MC\r\nInternet TLD	.mc\r\n^ Government offices are however, located in the Quartier of Monaco-Ville.\r\n^ GDP per capita calculations include non-resident workers from France and Italy.\r\n^ Monacan is the term for residents.\r\nMonaco (/ˈmɒnəkoʊ/ (About this soundlisten); French pronunciation: ​[mɔnako]), officially the Principality of Monaco (French: Principauté de Monaco),[a] is a sovereign city-state, country and microstate on the French Riviera in Western Europe. France borders the country on three sides while the other side borders the Mediterranean Sea. Monaco is also located close to Italy, although it has no direct border.\r\n\r\nMonaco has an area of 2.020 km2 (0.780 sq mi), making it the second-smallest country in the world after the Vatican. Its population was about 38,400 based on the last census of 2016.[6] With 19,009 inhabitants per km², it is the most densely-populated sovereign state in the world. Monaco has a land border of 5.47 km (3.40 mi),[6] a coastline of 3.83 km (2.38 mi), and a width that varies between 1,700 and 349 m (1,859 and 382 yd). The highest point in the country is a narrow pathway named Chemin des Révoires on the slopes of Mont Agel, in the Les Révoires Ward, which is 161 metres (528 feet) above sea level. Monaco\'s most populous Quartier is Monte Carlo and the most populous Ward is Larvotto/Bas Moulins. Through land reclamation, Monaco\'s land mass has expanded by 20 percent; in 2005, it had an area of only 1.974 km2 (0.762 sq mi). Monaco is known as a playground for the rich and famous, due to its tax laws. In 2014, it was noted about 30% of the population was made up of millionaires.[10]\r\n\r\nMonaco is a principality governed under a form of constitutional monarchy, with Prince Albert II as head of state. Although Prince Albert II is a constitutional monarch, he wields immense political power. The House of Grimaldi have ruled Monaco, with brief interruptions, since 1297.[11] The official language is French, but Monégasque, Italian, and English are widely spoken and understood.[b] The state\'s sovereignty was officially recognized by the Franco-Monegasque Treaty of 1861, with Monaco becoming a full United Nations voting member in 1993. Despite Monaco\'s independence and separate foreign policy, its defense is the responsibility of France. However, Monaco does maintain two small military units.\r\n\r\nEconomic development was spurred in the late 19th century with the opening of the country\'s first casino, Monte Carlo, and a railway connection to Paris.[12] Since then, Monaco\'s mild climate, scenery, and gambling facilities have contributed to the principality\'s status as a tourist destination and recreation centre for the rich. In more recent years, Monaco has become a major banking centre and has sought to diversify its economy into the services sector and small, high-value-added, non-polluting industries. The state has no income tax, low business taxes, and is well known for being a tax haven. It is also the host of the annual street circuit motor race Monaco Grand Prix, one of the original Grands Prix of Formula One. The principality has a club football team; AS Monaco, who have become French champions on multiple occasions.\r\n\r\nMonaco is not formally a part of the European Union (EU), but it participates in certain EU policies, including customs and border controls. Through its relationship with France, Monaco uses the euro as its sole currency (prior to this it used the Monégasque franc). Monaco joined the Council of Europe in 2004. It is a member of the Organisation Internationale de la Francophonie (OIF).', '2018-12-08 23:36:01', 33, 'https://www.cm-monaco.com/app/images/slider/cm-monaco-slide12.jpg', 0, NULL),
(68, 'Valencia', 'Valencia (/vəˈlɛnsiə/; Spanish: [baˈlenθja]), officially València (Valencian: [vaˈlensia]),[2] on the east coast of Spain, is the capital of the autonomous community of Valencia and the third-largest city in Spain after Madrid and Barcelona, with around 800,000 inhabitants in the administrative centre. Its urban area extends beyond the administrative city limits with a population of around 1.5–1.6 million people.[1] Valencia is Spain\'s third largest metropolitan area, with a population ranging from 1.7 to 2.5 million depending on how the metropolitan area is defined. The Port of Valencia is the 5th busiest container port in Europe and the busiest container port on the Mediterranean Sea. The city is ranked at Gamma+ in the Globalization and World Cities Research Network.[3] Valencia is integrated into an industrial area on the Costa del Azahar (Orange Blossom Coast).\r\n\r\nValencia was founded as a Roman colony by the consul Decimus Junius Brutus Callaicus in 138 BC, and called Valentia Edetanorum. In 714 Moroccan and Arab Moors occupied the city, introducing their language, religion and customs; they implemented improved irrigation systems and the cultivation of new crops as well. Valencia was the capital of the Taifa of Valencia. In 1238 the Christian king James I of Aragon conquered the city and divided the land among the nobles who helped him conquer it, as witnessed in the Llibre del Repartiment. He also created a new law for the city, the Furs of Valencia, which were extended to the rest of the Kingdom of Valencia. In the 18th century Philip V of Spain abolished the privileges as punishment to the kingdom of Valencia for aligning with the Habsburg side in the War of the Spanish Succession. Valencia was the capital of Spain when Joseph Bonaparte moved the Court there in the summer of 1812. It also served as capital between 1936 and 1937, during the Second Spanish Republic.\r\n\r\nThe city is situated on the banks of the Turia, on the east coast of the Iberian Peninsula, fronting the Gulf of Valencia on the Mediterranean Sea. Its historic centre is one of the largest in Spain, with approximately 169 ha (420 acres);[4] this heritage of ancient monuments, views and cultural attractions makes Valencia one of the country\'s most popular tourist destinations.\r\n\r\nDue to its long history, this is a city with numerous popular celebrations and traditions, such as the Fallas (featuring the traditional Spanish dish paella), which were declared as Fiestas of National Tourist Interest of Spain in 1965[5] and Intangible cultural heritage by UNESCO in November 2016. From 1991 to 2015, Rita Barberá Nolla was the mayor of the city, yet in 2015, Joan Ribó from Coalició Compromís, became mayor.', '2018-12-08 23:44:55', 34, 'http://www.airpano.ru/files/Valencia-Spain/images/image3.jpg', 0, NULL),
(69, 'Los Angeles', 'Los Angeles (/lɔːs ˈændʒələs/ (About this soundlisten); Spanish: Los Ángeles),[16][a] officially the City of Los Angeles and known colloquially by its initials L.A., is the second-most populous city in the United States, after New York City, and the largest and most populous city in the Western United States. With an estimated population of four million,[17] Los Angeles is the cultural, financial, and commercial center of Southern California. Nicknamed the \"City of Angels\" partly because of its name\'s Spanish meaning, Los Angeles is known for its Mediterranean climate, ethnic diversity, Hollywood and the entertainment industry, and sprawling metropolis.\r\n\r\nLos Angeles is located in a large basin bounded by the Pacific Ocean on one side and by mountains as high as 10,000 feet (3,000 m) on the others. The city proper, which covers about 469 square miles (1,210 km2),[18] is the seat of Los Angeles County, the most populated county in the country. Los Angeles is the principal city of the Los Angeles metropolitan area; with a population of 13.1 million residents it is the second largest in the United States after that of New York City.[19] It is part of the Los Angeles-Long Beach combined statistical area, also the second most populous in the nation with a 2015 estimated population of 18.7 million.[20]\r\n\r\nLos Angeles is one of the most substantial economic engines within the United States, with a diverse economy in a broad range of professional and cultural fields. Los Angeles is also famous as the home of Hollywood, a major center of the world entertainment industry. A global city, it has been ranked 6th in the Global Cities Index and 9th in the Global Economic Power Index. The Los Angeles combined statistical area also has a gross metropolitan product of $831 billion (as of 2008), making it the third-largest in the world, after the Tokyo and New York metropolitan areas. Los Angeles hosted the 1932 and 1984 Summer Olympics and will host the event for a third time in 2028. The city also hosted the Miss Universe pageant twice, in 1990 and 2006, and was one of 9 American cities to host the 1994 FIFA men\'s soccer World Cup and one of 8 to host the 1999 FIFA women\'s soccer World Cup, hosting the final match for both tournaments.\r\n\r\nHistorically home to the Chumash and Tongva, Los Angeles was claimed by Juan Rodríguez Cabrillo for Spain in 1542 along with the rest of what would become Alta California. The city was officially founded on September 4, 1781, by Spanish governor Felipe de Neve. It became a part of Mexico in 1821 following the Mexican War of Independence. In 1848, at the end of the Mexican–American War, Los Angeles and the rest of California were purchased as part of the Treaty of Guadalupe Hidalgo, becoming part of the United States. Los Angeles was incorporated as a municipality on April 4, 1850, five months before California achieved statehood. The discovery of oil in the 1890s brought rapid growth to the city.[21] The completion of the Los Angeles Aqueduct in 1913, delivering water from Eastern California, later assured the city\'s continued rapid growth.', '2018-12-08 23:50:01', 1, 'https://i.ytimg.com/vi/zPtL2V8ACTY/maxresdefault.jpg', 12, 4),
(70, 'Varna', 'Varna\r\nВарна  (Bulgarian)\r\nFrom top left: Asparuh Bridge, Black Sea beach, Euxinograd, Varna Archaeological Museum, Stoyan Bachvarov Dramatic Theatre, Dormition of the Mother of God Cathedral, Drazki torpedo boat, The Navy Club, Palace of Culture and Sports, The ancient Roman baths, Varna Ethnographic Museum\r\nFrom top left: Asparuh Bridge, Black Sea beach, Euxinograd, Varna Archaeological Museum, Stoyan Bachvarov Dramatic Theatre, Dormition of the Mother of God Cathedral, Drazki torpedo boat, The Navy Club, Palace of Culture and Sports, The ancient Roman baths, Varna Ethnographic Museum\r\nFlag of {{{official_name}}}\r\nFlag	Coat of arms of {{{official_name}}}\r\nCoat of arms\r\nNickname(s): Marine capital of Bulgaria, Summer capital of Bulgaria\r\nVarna is located in BulgariaVarnaVarna\r\nLocation of Varna city in Bulgaria\r\nShow map of Bulgaria\r\nShow map of Europe\r\nShow all\r\nCoordinates: 43°13′N 27°55′ECoordinates: 43°13′N 27°55′E\r\nCountry	Bulgaria Bulgaria\r\nProvince	Varna\r\nMunicipality	Varna\r\nEstablished	575 BCE\r\nGovernment\r\n • Mayor	Ivan Portnih\r\nArea\r\n • Total	238 km2 (92 sq mi)\r\nElevation	80 m (260 ft)\r\nPopulation (2017)\r\n • City	335,854[1]\r\n • Urban	418,108[2]\r\nDemonym(s)	Varnéan\r\nTime zone	UTC+2 (EET)\r\n • Summer (DST)	UTC+3 (EEST)\r\nPostcode	\r\n9000\r\nArea code(s)	+359 52\r\nWebsite	www.varna.bg\r\n\r\nVarna Sea Garden\r\n\r\nVarna Sea beach\r\nVarna (Bulgarian: Варна, Varna [ˈvarna]) is the third-largest city in Bulgaria and the largest city and seaside resort on the Bulgarian Black Sea Coast. Situated strategically in the Gulf of Varna, the city has been a major economic, social and cultural centre for almost three millennia. Varna, historically known as Odessos, grew from a Thracian seaside settlement to a major seaport on the Black Sea.\r\n\r\nVarna is an important centre for business, transportation, education, tourism, entertainment and healthcare. The city is referred to as the maritime capital of Bulgaria and headquarters the Bulgarian Navy and merchant marine. In 2008, Varna was designated seat of the Black Sea Euroregion by the Council of Europe.[3] In 2014, Varna was awarded the title of European Youth Capital 2017.[4]\r\n\r\nThe oldest gold treasure in the world, belonging to the Varna culture, was discovered in the Varna Necropolis and dates to 4200–4600 BC.', '2018-12-08 23:51:30', 1, 'https://upload.wikimedia.org/wikipedia/commons/thumb/3/3c/Varna-Collage-TB.jpg/800px-Varna-Collage-TB.jpg', 7, 4),
(71, 'Dubrovnik', 'Dubrovnik (Croatian: [dǔbroːʋniːk] (About this soundlisten);[2] historically Latin: Ragusa) is a Croatian city on the Adriatic Sea. It is one of the most prominent tourist destinations in the Mediterranean Sea, a seaport and the centre of Dubrovnik-Neretva County. Its total population is 42,615 (census 2011). In 1979, the city of Dubrovnik joined the UNESCO list of World Heritage sites.\r\n\r\nThe prosperity of the city was historically based on maritime trade; as the capital of the maritime Republic of Ragusa, it achieved a high level of development, particularly during the 15th and 16th centuries, as it became notable for its wealth and skilled diplomacy.\r\n\r\nIn 1991, after the break-up of Yugoslavia, Dubrovnik was besieged by Serbian and Montenegrin soldiers of the Yugoslav People\'s Army (JNA) for seven months and suffered significant damage from shelling.[3][4][5][6][7][8][9][10][11] After repair and restoration works in the 1990s and early 2000s, Dubrovnik re-emerged as one of the top tourist destinations in the Mediterranean.[12][13][14][15] By 2018 however, the city had to take steps to reduce the excessive number of tourists, especially in the Old Town. One method to moderate the overcrowding was to stagger the arrival/departure times of cruise ships to spread the number of visitors more evenly during the week.', '2018-12-09 10:13:00', 3, 'https://upload.wikimedia.org/wikipedia/commons/e/e9/Montage_of_major_Dubrovnik_landmarks.jpg', 0, NULL),
(72, 'Pisa', 'Pisa (/ˈpiːzə/; Italian pronunciation: [ˈpiza] (About this soundlisten) or [ˈpisa]) is a city and comune in Tuscany, central Italy, straddling the Arno just before it empties into the Ligurian Sea. It is the capital city of the Province of Pisa. Although Pisa is known worldwide for its leaning tower (the bell tower of the city\'s cathedral), the city of over 91,104 residents (around 200,000 with the metropolitan area) contains more than 20 other historic churches, several medieval palaces, and various bridges across the Arno. Much of the city\'s architecture was financed from its history as one of the Italian maritime republics.\r\n\r\nThe city is also home of the University of Pisa, which has a history going back to the 12th century and also has the Scuola Normale Superiore di Pisa, founded by Napoleon in 1810, and its offshoot, the Sant\'Anna School of Advanced Studies, as the best-sanctioned Superior Graduate Schools in Italy.', '2018-12-09 10:14:23', 3, 'https://upload.wikimedia.org/wikipedia/commons/thumb/f/f4/Pisa_-_veduta_dall%27aereo_4.JPG/1280px-Pisa_-_veduta_dall%27aereo_4.JPG', 0, NULL),
(73, 'Barcelona', 'Barcelona (/ˌbɑːrsəˈloʊnə/ BAR-sə-LOH-nə, Catalan: [bəɾsəˈlonə], Spanish: [baɾθeˈlona]) is a city in Spain. It is the capital and largest city of Catalonia, as well as the second most populous municipality of Spain. With a population of 1.6 million within city limits,[5] its urban area extends to numerous neighbouring municipalities within the Province of Barcelona and is home to around 4.8 million people,[3][7] making it the sixth most populous urban area in the European Union after Paris, London, Madrid, the Ruhr area and Milan.[3] It is one of the largest metropolises on the Mediterranean Sea, located on the coast between the mouths of the rivers Llobregat and Besòs, and bounded to the west by the Serra de Collserola mountain range, the tallest peak of which is 512 metres (1,680 feet) high.\r\n\r\nFounded as a Roman city, in the Middle Ages Barcelona became the capital of the County of Barcelona. After merging with the Kingdom of Aragon, Barcelona continued to be an important city in the Crown of Aragon as an economic and administrative centre of this Crown and the capital of the Principality of Catalonia. Barcelona has a rich cultural heritage and is today an important cultural centre and a major tourist destination. Particularly renowned are the architectural works of Antoni Gaudí and Lluís Domènech i Montaner, which have been designated UNESCO World Heritage Sites. The headquarters of the Union for the Mediterranean are located in Barcelona. The city is known for hosting the 1992 Summer Olympics as well as world-class conferences and expositions and also many international sport tournaments.\r\n\r\nBarcelona is one of the world\'s leading tourist, economic, trade fair and cultural centres, and its influence in commerce, education, entertainment, media, fashion, science, and the arts all contribute to its status as one of the world\'s major global cities.[8][9] It is a major cultural and economic centre in southwestern Europe, 24th in the world (before Zürich, after Frankfurt)[10] and a financial centre. In 2008 it was the fourth most economically powerful city by GDP in the European Union and 35th in the world with GDP amounting to €177 billion.[11] In 2012 Barcelona had a GDP of $170 billion; and it was leading Spain in employment rate in that moment.[12]\r\n\r\nIn 2009 the city was ranked Europe\'s third and one of the world\'s most successful as a city brand.[13] In the same year the city was ranked Europe\'s fourth best city for business and fastest improving European city, with growth improved by 17% per year,[14] and the city has been experiencing strong and renewed growth for the past three years. Since 2011 Barcelona has been a leading smart city in Europe.[15] Barcelona is a transport hub, with the Port of Barcelona being one of Europe\'s principal seaports and busiest European passenger port,[16] an international airport, Barcelona–El Prat Airport, which handles over 40 million passengers per year,[17] an extensive motorway network, and a high-speed rail line with a link to France and the rest of Europe.', '2018-12-09 10:15:21', 3, 'https://upload.wikimedia.org/wikipedia/commons/thumb/8/8d/Barcelona_collage.JPG/1024px-Barcelona_collage.JPG', 0, NULL),
(74, 'Miami', 'Miami, officially the City of Miami, is the cultural, economic and financial center of South Florida. Miami is the seat of Miami-Dade County, the most populous county in Florida. The city covers an area of about 56.6 square miles (147 km2), between the Everglades to the west and Biscayne Bay on the east; it is also the sixth most densely populated major city in the United States. The Miami metropolitan area is home to 6.1 million people and the seventh-largest metropolitan area in the nation.[8] Miami\'s metro area is the second-most populous metropolis in the southeastern United States and fourth-largest urban area in the U.S.[9][10]\r\n\r\nMiami is a major center, and a leader in finance, commerce, culture, media, entertainment, the arts, and international trade.[11][12] The Miami Metropolitan Area is by far the largest urban economy in Florida and the 12th largest in the United States with a GDP of $344.9 billion as of 2017.[13] In 2012, Miami was classified as an \"Alpha−\" level world city in the World Cities Study Group\'s inventory.[14] In 2010, Miami ranked seventh in the United States and 33rd among global cities in terms of business activity, human capital, information exchange, cultural experience, and political engagement.[15][16] In 2008, Forbes magazine ranked Miami \"America\'s Cleanest City\", for its year-round good air quality, vast green spaces, clean drinking water, clean streets, and citywide recycling programs.[17] According to a 2009 UBS study of 73 world cities, Miami was ranked as the richest city in the United States, and the world\'s seventh-richest city in terms of purchasing power.[18] Miami is nicknamed the \"Capital of Latin America\"[1] and is the largest city with a Cuban-American plurality.[19]\r\n\r\nMiami has the third tallest skyline in the U.S. with over 300 high-rises. Greater Downtown Miami has one of the largest concentrations of international banks in the United States, and is home to many large national and international companies.[20][21] The Civic Center is a major center for hospitals, research institutes, medical centers, and biotechnology industries. For more than two decades, the Port of Miami, known as the \"Cruise Capital of the World\", has been the number one cruise passenger port in the world. It accommodates some of the world\'s largest cruise ships and operations, and is the busiest port in both passenger traffic and cruise lines.[22][23] Metropolitan Miami is also a major tourism hub in the southeastern U.S. for international visitors, ranking number two in the country after New York City.', '2018-12-09 10:19:09', 3, 'https://upload.wikimedia.org/wikipedia/commons/thumb/a/ad/Miami_collage_20110330.jpg/800px-Miami_collage_20110330.jpg', 0, NULL),
(75, 'Vancouver', 'Vancouver (/vænˈkuːvər/ (About this soundlisten)) is a coastal seaport city in western Canada, located in the Lower Mainland region of British Columbia. As the most populous city in the province, the 2016 census recorded 631,486 people in the city, up from 603,502 in 2011. The Greater Vancouver area had a population of 2,463,431 in 2016, making it the third-largest metropolitan area in Canada. Vancouver has the highest population density in Canada with over 5,400 people per square kilometre,[5][6] which makes it the fifth-most densely populated city with over 250,000 residents in North America behind New York City, Guadalajara, San Francisco,[7] and Mexico City according to the 2011 census. Vancouver is one of the most ethnically and linguistically diverse cities in Canada according to that census; 52% of its residents have a first language other than English.[8][9] Roughly 30% of the city\'s inhabitants are of Chinese heritage.[10] Vancouver is classed as a Beta global city.\r\n\r\nVancouver is consistently named as one of the top five worldwide cities for livability and quality of life,[11][12] and the Economist Intelligence Unit acknowledged it as the first city ranked among the top-ten of the world\'s most well-living cities[13] for five consecutive years.[14] Vancouver has hosted many international conferences and events, including the 1954 British Empire and Commonwealth Games, UN Habitat I, Expo 86, the World Police and Fire Games in 1989 and 2009; and the 2010 Winter Olympics and Paralympics which were held in Vancouver and Whistler, a resort community 125 km (78 mi) north of the city.[15] In 2014, following thirty years in California, the TED conference made Vancouver its indefinite home. Several matches of the 2015 FIFA Women\'s World Cup were played in Vancouver, including the final at BC Place.[16]\r\n\r\nThe original settlement, named Gastown, grew up on clearcuts on the west edge of the Hastings Mill logging sawmill\'s property, where a makeshift tavern had been set up on a plank between two stumps and the proprietor, Gassy Jack, persuaded the curious millworkers to build him a tavern, on July 1, 1867. From that first enterprise, other stores and some hotels quickly appeared along the waterfront to the west. Gastown became formally laid out as a registered townsite dubbed Granville, B.I. (\"B.I\" standing for \"Burrard Inlet\"). As part of the land and political deal whereby the area of the townsite was made the railhead of the Canadian Pacific Railway (CPR), it was renamed \"Vancouver\" and incorporated shortly thereafter as a city, in 1886. By 1887, the Canadian Pacific transcontinental railway was extended westward to the city to take advantage of its large natural seaport to the Pacific Ocean, which soon became a vital link in a trade route between the Orient / East Asia, Eastern Canada, and Europe.[17][18] As of 2014, Port Metro Vancouver is the third-largest port by tonnage in the Americas (recently displacing New York City), 27th in the world,[19] the busiest and largest in Canada, and the most diversified port in North America.[20] While forestry remains its largest industry, Vancouver is well known as an urban centre surrounded by nature, making tourism its second-largest industry.[21]\r\n\r\nMajor film production studios in Vancouver and nearby Burnaby have turned Greater Vancouver and nearby areas into one of the largest film production centres in North America,[22][23] earning it the nickname \"Hollywood North\".', '2018-12-09 10:21:08', 3, 'http://res.cloudinary.com/simpleview/image/upload/v1486505969/clients/vancouverbc/Aerial_Sunset_Vancouver_d3_copy_1bb86ed0-1edc-4cda-841d-0b033ca0bb72.jpg', 0, NULL),
(76, 'Hong Kong', 'Hong Kong (Chinese: 香港; pronunciation in Hong Kong Cantonese: [hœ́ːŋ.kɔ̌ːŋ] (About this soundlisten)), officially the Hong Kong Special Administrative Region of the People\'s Republic of China, is a special administrative region on the eastern side of the Pearl River estuary in southern China. With over 7.4 million people of various nationalities[c] in a 1,104-square-kilometre (426 sq mi) territory, Hong Kong is the world\'s fourth-most-densely-populated region.\r\n\r\nHong Kong became a colony of the British Empire after Qing China ceded Hong Kong Island at the end of the First Opium War in 1842.[16] The colony expanded to the Kowloon Peninsula in 1860 after the Second Opium War, and was further extended when Britain obtained a 99-year lease of the New Territories in 1898.[17][18] The territory was returned to China when the lease expired in 1997.[19] As a special administrative region, Hong Kong\'s system of government is separate from that of mainland China.[20]\r\n\r\nOriginally a sparsely populated area of farming and fishing villages,[16] the territory has become one of the world\'s most significant financial centres and commercial ports.[21] It is the world\'s seventh-largest trading entity,[22][23] and its legal tender (the Hong Kong dollar) is the world\'s 13th-most-traded currency.[24] Although the city has one of the highest per capita incomes in the world, it has severe income inequality.[25]\r\n\r\nThe territory has the largest number of skyscrapers in the world, most surrounding Victoria Harbour.[26] Hong Kong ranks seventh on the UN Human Development Index, and has the seventh-longest life expectancy in the world.[9] Although over 90 per cent of its population uses public transportation,[27] air pollution from neighbouring industrial areas of mainland China has resulted in a high level of atmospheric particulates.', '2018-12-09 10:22:36', 3, 'http://static.asiawebdirect.com/m/phuket/portals/hong-kong-hotels-ws/homepage/nightlife/pagePropertiesImage/hong-kong-nightlife.jpg.jpg', 0, NULL),
(77, 'Brachiosaurus', 'Brachiosaurus (from Greek for \"arm lizard\") was a sauropod dinosaur that lived in what is now North America during the Late Jurassic, about 154–153 million years ago. The genus was first described by American paleontologist Elmer S. Riggs in 1903 from fossils found in the Colorado River valley in western Colorado. Only a few other specimens of Brachiosaurus are known to exist, making it one of the rarer sauropods of the Morrison Formation. It was probably between 18 and 21 meters (59 and 69 ft) long; weight estimates range from 28.3 to 58 metric tons (31.2 to 63.9 short tons). Like other sauropods, it was a large dinosaur with a long neck and small skull; atypically, it had longer forelimbs than hindlimbs, a steeply inclined trunk, and a proportionally shorter tail. It was a high browser, possibly cropping or nipping vegetation up to 9 meters (30 ft) off the ground. Brachiosaurus appeared in the 1993 film Jurassic Park.', '2018-12-09 23:21:32', 38, 'https://upload.wikimedia.org/wikipedia/commons/thumb/e/ed/Brachiosaurus_mount.jpg/1024px-Brachiosaurus_mount.jpg', 2, NULL),
(78, 'Maserati GranTurismo', 'The Maserati GranTurismo is a grand tourer produced by the Italian automobile manufacturer Maserati. It succeeds the 2-door V8 grand tourer offered by the company, the Maserati Coupé. Unveiled at the 2007 Geneva Motor Show, the GranTurismo has a drag coefficient of 0.33.[1] The model was initially equipped with a 4.2-litre (4,244 cc (259.0 cu in)) V8 engine developed in conjunction with Ferrari. The engine generates a maximum power output of 405 PS (298 kW; 399 hp) and is equipped with a 6-speed ZF automatic transmission. The 2+2 body has been derived from the Maserati M139 platform, also shared with the Maserati Quattroporte V, with double-wishbone front suspension and a multilink rear suspension. The grand tourer emphasises comfort in harmony with speed and driver-enjoyment.', '2018-12-09 23:23:29', 38, 'https://upload.wikimedia.org/wikipedia/commons/thumb/3/34/Maserati_Gran_Turismo_V8.jpg/1920px-Maserati_Gran_Turismo_V8.jpg', 0, NULL),
(79, 'Disporum', 'Disporum (commonly known as fairy bells) is a genus of about 20 species of perennial flowering plants, found in Asia from northern India to Japan, south to Indonesia and north into the Russian Far East.[1][2]\r\n\r\nIn the APG III classification system, it is placed in the family Colchicaceae.[3] The genus previously included five species in North America, but these have been separated as the genus Prosartes D.Don and moved to the family Liliaceae in accordance to differences in karyology and chemistry as well as results from molecular systematic investigations.[4] The type species is Disporum pullum Salisb., which is a synonym of Disporum cantoniense.', '2018-12-09 23:24:21', 38, 'https://upload.wikimedia.org/wikipedia/commons/thumb/d/dc/Disporum_viridescens_flower.jpg/800px-Disporum_viridescens_flower.jpg', 0, NULL),
(80, 'Bay of Pomerania', 'The Bay of Pomerania or Pomeranian Bay (Polish: Zatoka Pomorska; German: Pommersche Bucht; Kashubian: Pòmòrskô Hôwinga) is a basin in the southwestern Baltic Sea, off the shores of Poland and Germany.\r\n\r\nIn the south it is separated from the Oder Lagoon in the mouth of the Oder River by the islands of Usedom/Uznam and Wolin, connected by three straits or branches of the Oder: Dziwna, Świna and Peene. North border is a line from Cape Arkona on the German island of Rügen to the Gąski Lighthouse in the east of Kołobrzeg in Poland.\r\n\r\nMaximum depth is 20 metres and salinity is about 8%. The Bay of Pomerania is crossed by a deepened waterway from the Szczecin seaport, via the river Oder, the Szczecin Lagoon, and Świna allowing large ships to enter the ports of Świnoujście and Szczecin.', '2018-12-09 23:26:25', 38, 'https://upload.wikimedia.org/wikipedia/commons/0/01/Swinoujscie_30.jpg', 0, NULL),
(81, 'Italian Cream Cake II', 'Preheat oven to 350 degrees F (175 degrees C). Grease and flour three 8 inch round cake pans.\r\nBeat egg whites until they form stiff peaks.\r\nIn a large bowl, cream 1/2 cup margarine and shortening till light. Add white sugar, and beat till fluffy. Beat in egg yolks. Stir together flour and baking soda, and add alternately with buttermilk into the creamed mixture; mix well after each addition. Stir in 1 teaspoon vanilla, coconut, and 1 cup pecans. Fold in stiffly beaten egg whites. Spoon into prepared pans.\r\nBake for 25 to 40 minutes. Cool in pans for 10 minutes. Remove to wire rack to cool completely.\r\nCombine cream cheese, 1/2 cup margarine, confectioners\' sugar, and 1 teaspoon vanilla in mixer bowl. Beat till smooth. Add coconut if desired. Frost the cooled cake. The remaining 1/2 cup pecans can be stirred into frosting or sprinkled onto the cake after it is frosted.', '2018-12-09 23:31:56', 1, 'https://images.media-allrecipes.com/userphotos/720x405/143211.jpg', 5, 11),
(82, 'Pumpkin Pecan Cheesecake', 'Combine pecans and 1/4 cup brown sugar; cut in butter or margarine with a pastry blender until mixture is crumbly. Set aside.\r\nBeat cream cheese at high speed of an electric mixer until smooth. Add 1/3 cup brown sugar; beat well. Add eggs one at a time, beating well after each addition. Stir in pumpkin butter. Pour mixture into crust.\r\nBake at 350 degrees F (175 degrees C) for 40 minutes.\r\nSprinkle pecan mixture over pie. Bake for 5 additional minutes, or until butter or margarine and sugar melt. Cool on a wire rack. Cover, and chill for at least 4 hours.', '2018-12-09 23:33:33', 1, 'https://images.media-allrecipes.com/userphotos/720x405/512228.jpg', 14, 11),
(83, 'Baileys à la French Toast', 'Whisk together the 1/2 oz. Baileys Original Irish Cream, 4 oz. of whipping cream and 2 tbsp confectioners sugar until mixture forms soft peaks. Chill and put aside for topping the finished product.\r\nCombine 2 1/2 oz. of Baileys Original Irish Cream, 2 1/2 oz. of whipping cream, 1/2 tsp of vanilla extract and 2 eggs in a shallow dish.\r\nDip the bread into the mixture while heating 1 tbsp butter in a pan for frying.\r\nFry dipped bread until golden brown on each side.\r\nTop with whipped cream mixture.', '2018-12-10 21:44:09', 1, 'https://images.media-allrecipes.com/userphotos/720x405/5983211.jpg', 35, 8);

-- --------------------------------------------------------

--
-- Table structure for table `articles_tags`
--

CREATE TABLE `articles_tags` (
  `article_id` int(11) NOT NULL,
  `tag_id` int(11) NOT NULL
) ENGINE=InnoDB DEFAULT CHARSET=utf8 COLLATE=utf8_unicode_ci;

--
-- Dumping data for table `articles_tags`
--

INSERT INTO `articles_tags` (`article_id`, `tag_id`) VALUES
(47, 19),
(47, 23),
(48, 19),
(48, 23),
(49, 23),
(50, 23),
(51, 23),
(52, 19),
(53, 19),
(55, 19),
(56, 19),
(58, 19),
(59, 19),
(61, 19),
(62, 19),
(64, 19),
(65, 19),
(66, 19),
(67, 19),
(68, 19),
(69, 19),
(70, 19),
(70, 23),
(71, 19),
(73, 19),
(74, 19),
(75, 19),
(76, 19),
(78, 24);

-- --------------------------------------------------------

--
-- Table structure for table `categories`
--

CREATE TABLE `categories` (
  `id` int(11) NOT NULL,
  `parent_id` int(11) DEFAULT NULL,
  `name` varchar(255) COLLATE utf8_unicode_ci NOT NULL,
  `description` longtext COLLATE utf8_unicode_ci,
  `path` longtext COLLATE utf8_unicode_ci NOT NULL
) ENGINE=InnoDB DEFAULT CHARSET=utf8 COLLATE=utf8_unicode_ci;

--
-- Dumping data for table `categories`
--

INSERT INTO `categories` (`id`, `parent_id`, `name`, `description`, `path`) VALUES
(1, NULL, 'Places', 'Nice places around the world', '/Places'),
(2, NULL, 'Cuisine', 'Food - Yabba Dabba Duh!', '/Cuisine'),
(4, 1, 'Cities', NULL, '/Places/Cities'),
(5, 1, 'Nature', NULL, '/Places/Nature'),
(8, 2, 'Best Dishes', NULL, '/Cuisine/Best Dishes'),
(11, 2, 'Confectionery', NULL, '/Cuisine/Confectionery');

-- --------------------------------------------------------

--
-- Table structure for table `comments`
--

CREATE TABLE `comments` (
  `id` int(11) NOT NULL,
  `article_id` int(11) DEFAULT NULL,
  `user_id` int(11) DEFAULT NULL,
  `parent_id` int(11) DEFAULT NULL,
  `title` varchar(255) COLLATE utf8_unicode_ci NOT NULL,
  `description` longtext COLLATE utf8_unicode_ci,
  `createdAt` datetime NOT NULL
) ENGINE=InnoDB DEFAULT CHARSET=utf8 COLLATE=utf8_unicode_ci;

--
-- Dumping data for table `comments`
--

INSERT INTO `comments` (`id`, `article_id`, `user_id`, `parent_id`, `title`, `description`, `createdAt`) VALUES
(1, 83, 1, NULL, 'This is a delicious meal!', ':)', '2018-12-10 21:45:27'),
(2, 83, 34, 1, 'Agreed!', ':)', '2018-12-10 22:04:26'),
(3, 82, 1, NULL, 'Nice!', 'That\'s good.', '2018-12-11 14:17:37'),
(4, 82, 1, NULL, '<script>alert(\'bad\');</script>', NULL, '2018-12-11 14:18:53'),
(5, 82, 1, 4, '<script>alert(\'bad\');</script>', '...', '2018-12-11 14:19:48'),
(11, 82, 1, NULL, '<b>AAA</b>', NULL, '2018-12-11 17:09:49');

-- --------------------------------------------------------

--
-- Table structure for table `feelings`
--

CREATE TABLE `feelings` (
  `id` int(11) NOT NULL,
  `user_id` int(11) DEFAULT NULL,
  `article_id` int(11) DEFAULT NULL,
  `type` smallint(6) NOT NULL
) ENGINE=InnoDB DEFAULT CHARSET=utf8 COLLATE=utf8_unicode_ci;

-- --------------------------------------------------------

--
-- Table structure for table `messages`
--

CREATE TABLE `messages` (
  `id` int(11) NOT NULL,
  `user_id` int(11) DEFAULT NULL,
  `title` varchar(255) COLLATE utf8_unicode_ci DEFAULT NULL,
  `content` longtext COLLATE utf8_unicode_ci NOT NULL,
  `timestamp` datetime NOT NULL
) ENGINE=InnoDB DEFAULT CHARSET=utf8 COLLATE=utf8_unicode_ci;

-- --------------------------------------------------------

--
-- Table structure for table `migration_versions`
--

CREATE TABLE `migration_versions` (
  `version` varchar(255) COLLATE utf8_unicode_ci NOT NULL
) ENGINE=InnoDB DEFAULT CHARSET=utf8 COLLATE=utf8_unicode_ci;

--
-- Dumping data for table `migration_versions`
--

INSERT INTO `migration_versions` (`version`) VALUES
('20181208092555'),
('20181208093636'),
('20181208155524'),
('20181209105859'),
('20181209111132'),
('20181209203442');

-- --------------------------------------------------------

--
-- Table structure for table `roles`
--

CREATE TABLE `roles` (
  `id` int(11) NOT NULL,
  `name` varchar(255) COLLATE utf8_unicode_ci NOT NULL
) ENGINE=InnoDB DEFAULT CHARSET=utf8 COLLATE=utf8_unicode_ci;

--
-- Dumping data for table `roles`
--

INSERT INTO `roles` (`id`, `name`) VALUES
(1, 'ROLE_ADMIN'),
(3, 'ROLE_API_USER'),
(2, 'ROLE_USER');

-- --------------------------------------------------------

--
-- Table structure for table `tags`
--

CREATE TABLE `tags` (
  `id` int(11) NOT NULL,
  `name` varchar(255) COLLATE utf8_unicode_ci NOT NULL,
  `description` longtext COLLATE utf8_unicode_ci
) ENGINE=InnoDB DEFAULT CHARSET=utf8 COLLATE=utf8_unicode_ci;

--
-- Dumping data for table `tags`
--

INSERT INTO `tags` (`id`, `name`, `description`) VALUES
(19, 'City', 'Cities have population of over 100,000.'),
(23, 'Bulgaria', 'All stuff in Bulgaria'),
(24, 'Wow!', 'Amazing stuff!');

-- --------------------------------------------------------

--
-- Table structure for table `users`
--

CREATE TABLE `users` (
  `id` int(11) NOT NULL,
  `email` varchar(255) COLLATE utf8_unicode_ci NOT NULL,
  `password` varchar(255) COLLATE utf8_unicode_ci NOT NULL,
  `fullName` varchar(255) COLLATE utf8_unicode_ci NOT NULL,
  `photo` longtext COLLATE utf8_unicode_ci
) ENGINE=InnoDB DEFAULT CHARSET=utf8 COLLATE=utf8_unicode_ci;

--
-- Dumping data for table `users`
--

INSERT INTO `users` (`id`, `email`, `password`, `fullName`, `photo`) VALUES
(1, 'a@a.aa', '$2y$13$PB27RTCu2D0yzpr6iCpQ6eBVlMSe5LR0VxzoaGIwcSn07nzevK2Be', 'Admin Adminov', 'Aleksandar Dimitrov Dimitrov.2018-12-09--14-26-46.6ab65.jpeg'),
(3, 'b@b.bb', '$2y$13$UAD6A323.G05MlMyjwL8Y.lk8cWk0qss3I0OBrOADb9vyXP.SGBvi', 'bb bbbb', 'Katya Petrova Dimitrova.2018-11-28--16-21-29.51524.jpeg'),
(33, 'c@c.cc', '$2y$13$qA0U.mkDHSpwA/s0zDfX8.OS2q1560ra6pY33jbdHhRyRN3kT1Yly', 'cc cc', NULL),
(34, 'd@d.dd', '$2y$13$xEw8RULAxqYACQrRqssQtuORfpGX1IHAGGfFXQN94BGNKv0ScUFJm', 'dd dd', 'Alex.2018-12-08--22-48-26.63ee3.jpeg'),
(35, 'e@e.ee', '$2y$13$2r4NoZ2H/mRrkEH4MqQ3BuBJfW3.4leEozJimGhxQM3RGKIpOqJYu', 'ee ee', NULL),
(36, 'f@f.ff', '$2y$13$qu.f5w79RBuulry9EyzGx.H7fGsor6Iu6oEFJWiGACo3ReNBEiIrG', 'ff ff', NULL),
(37, 'g@g.gg', '$2y$13$vs6z./PpE/RW7OmuiuQtZu/Q7IrER.iTs6oUx5OWBclnjz2jUcjki', 'gg gg', NULL),
(38, 'h@h.hh', '$2y$13$ZNhGGrUMTncOYguy1KApwOIZ2gVstV/qdTcmgR/YvRPuzugivIOgG', 'hh hh', NULL),
(39, 'i@i.ii', '$2y$13$1ZNqcMlUdI3xDeD7AFEps.3/WFOsBO./jH8Yd96P8VOzRsVa0L0XG', 'ii ii', NULL),
(41, 'j@j.jj', '$2y$13$oCn1N6OEKA.fB7SyizeFNOStE4WHkGKew/wuEKbpGT5g3nNhDGJ0W', 'jj jj', NULL);

-- --------------------------------------------------------

--
-- Table structure for table `users_roles`
--

CREATE TABLE `users_roles` (
  `user_id` int(11) NOT NULL,
  `role_id` int(11) NOT NULL
) ENGINE=InnoDB DEFAULT CHARSET=utf8 COLLATE=utf8_unicode_ci;

--
-- Dumping data for table `users_roles`
--

INSERT INTO `users_roles` (`user_id`, `role_id`) VALUES
(1, 1),
(1, 2),
(1, 3),
(3, 2),
(3, 3),
(33, 1),
(33, 2),
(33, 3),
(34, 2),
(35, 2),
(36, 2),
(37, 2),
(38, 2),
(39, 2),
(41, 2);

--
-- Indexes for dumped tables
--

--
-- Indexes for table `articles`
--
ALTER TABLE `articles`
  ADD PRIMARY KEY (`id`),
  ADD KEY `IDX_BFDD3168A196F9FD` (`authorId`),
  ADD KEY `IDX_BFDD316812469DE2` (`category_id`);

--
-- Indexes for table `articles_tags`
--
ALTER TABLE `articles_tags`
  ADD PRIMARY KEY (`article_id`,`tag_id`),
  ADD KEY `IDX_354053617294869C` (`article_id`),
  ADD KEY `IDX_35405361BAD26311` (`tag_id`);

--
-- Indexes for table `categories`
--
ALTER TABLE `categories`
  ADD PRIMARY KEY (`id`),
  ADD KEY `IDX_3AF34668727ACA70` (`parent_id`);

--
-- Indexes for table `comments`
--
ALTER TABLE `comments`
  ADD PRIMARY KEY (`id`),
  ADD KEY `IDX_5F9E962A7294869C` (`article_id`),
  ADD KEY `IDX_5F9E962AA76ED395` (`user_id`),
  ADD KEY `IDX_5F9E962A727ACA70` (`parent_id`);

--
-- Indexes for table `feelings`
--
ALTER TABLE `feelings`
  ADD PRIMARY KEY (`id`),
  ADD UNIQUE KEY `UNIQ_490492F7A76ED3957294869C` (`user_id`,`article_id`),
  ADD KEY `IDX_490492F7A76ED395` (`user_id`),
  ADD KEY `IDX_490492F77294869C` (`article_id`);

--
-- Indexes for table `messages`
--
ALTER TABLE `messages`
  ADD PRIMARY KEY (`id`),
  ADD KEY `IDX_DB021E96A76ED395` (`user_id`);

--
-- Indexes for table `migration_versions`
--
ALTER TABLE `migration_versions`
  ADD PRIMARY KEY (`version`);

--
-- Indexes for table `roles`
--
ALTER TABLE `roles`
  ADD PRIMARY KEY (`id`),
  ADD UNIQUE KEY `UNIQ_B63E2EC75E237E06` (`name`);

--
-- Indexes for table `tags`
--
ALTER TABLE `tags`
  ADD PRIMARY KEY (`id`),
  ADD UNIQUE KEY `UNIQ_6FBC94265E237E06` (`name`);

--
-- Indexes for table `users`
--
ALTER TABLE `users`
  ADD PRIMARY KEY (`id`),
  ADD UNIQUE KEY `UNIQ_1483A5E9E7927C74` (`email`);

--
-- Indexes for table `users_roles`
--
ALTER TABLE `users_roles`
  ADD PRIMARY KEY (`user_id`,`role_id`),
  ADD KEY `IDX_51498A8EA76ED395` (`user_id`),
  ADD KEY `IDX_51498A8ED60322AC` (`role_id`);

--
-- AUTO_INCREMENT for dumped tables
--

--
-- AUTO_INCREMENT for table `articles`
--
ALTER TABLE `articles`
  MODIFY `id` int(11) NOT NULL AUTO_INCREMENT, AUTO_INCREMENT=84;

--
-- AUTO_INCREMENT for table `categories`
--
ALTER TABLE `categories`
  MODIFY `id` int(11) NOT NULL AUTO_INCREMENT, AUTO_INCREMENT=13;

--
-- AUTO_INCREMENT for table `comments`
--
ALTER TABLE `comments`
  MODIFY `id` int(11) NOT NULL AUTO_INCREMENT, AUTO_INCREMENT=12;

--
-- AUTO_INCREMENT for table `feelings`
--
ALTER TABLE `feelings`
  MODIFY `id` int(11) NOT NULL AUTO_INCREMENT;

--
-- AUTO_INCREMENT for table `messages`
--
ALTER TABLE `messages`
  MODIFY `id` int(11) NOT NULL AUTO_INCREMENT;

--
-- AUTO_INCREMENT for table `roles`
--
ALTER TABLE `roles`
  MODIFY `id` int(11) NOT NULL AUTO_INCREMENT, AUTO_INCREMENT=4;

--
-- AUTO_INCREMENT for table `tags`
--
ALTER TABLE `tags`
  MODIFY `id` int(11) NOT NULL AUTO_INCREMENT, AUTO_INCREMENT=25;

--
-- AUTO_INCREMENT for table `users`
--
ALTER TABLE `users`
  MODIFY `id` int(11) NOT NULL AUTO_INCREMENT, AUTO_INCREMENT=42;

--
-- Constraints for dumped tables
--

--
-- Constraints for table `articles`
--
ALTER TABLE `articles`
  ADD CONSTRAINT `FK_BFDD316812469DE2` FOREIGN KEY (`category_id`) REFERENCES `categories` (`id`),
  ADD CONSTRAINT `FK_BFDD3168A196F9FD` FOREIGN KEY (`authorId`) REFERENCES `users` (`id`);

--
-- Constraints for table `articles_tags`
--
ALTER TABLE `articles_tags`
  ADD CONSTRAINT `FK_354053617294869C` FOREIGN KEY (`article_id`) REFERENCES `articles` (`id`) ON DELETE CASCADE,
  ADD CONSTRAINT `FK_35405361BAD26311` FOREIGN KEY (`tag_id`) REFERENCES `tags` (`id`) ON DELETE CASCADE;

--
-- Constraints for table `categories`
--
ALTER TABLE `categories`
  ADD CONSTRAINT `FK_3AF34668727ACA70` FOREIGN KEY (`parent_id`) REFERENCES `categories` (`id`);

--
-- Constraints for table `comments`
--
ALTER TABLE `comments`
  ADD CONSTRAINT `FK_5F9E962A727ACA70` FOREIGN KEY (`parent_id`) REFERENCES `comments` (`id`),
  ADD CONSTRAINT `FK_5F9E962A7294869C` FOREIGN KEY (`article_id`) REFERENCES `articles` (`id`),
  ADD CONSTRAINT `FK_5F9E962AA76ED395` FOREIGN KEY (`user_id`) REFERENCES `users` (`id`);

--
-- Constraints for table `feelings`
--
ALTER TABLE `feelings`
  ADD CONSTRAINT `FK_490492F77294869C` FOREIGN KEY (`article_id`) REFERENCES `articles` (`id`),
  ADD CONSTRAINT `FK_490492F7A76ED395` FOREIGN KEY (`user_id`) REFERENCES `users` (`id`);

--
-- Constraints for table `messages`
--
ALTER TABLE `messages`
  ADD CONSTRAINT `FK_DB021E96A76ED395` FOREIGN KEY (`user_id`) REFERENCES `users` (`id`);

--
-- Constraints for table `users_roles`
--
ALTER TABLE `users_roles`
  ADD CONSTRAINT `FK_51498A8EA76ED395` FOREIGN KEY (`user_id`) REFERENCES `users` (`id`),
  ADD CONSTRAINT `FK_51498A8ED60322AC` FOREIGN KEY (`role_id`) REFERENCES `roles` (`id`);
COMMIT;

/*!40101 SET CHARACTER_SET_CLIENT=@OLD_CHARACTER_SET_CLIENT */;
/*!40101 SET CHARACTER_SET_RESULTS=@OLD_CHARACTER_SET_RESULTS */;
/*!40101 SET COLLATION_CONNECTION=@OLD_COLLATION_CONNECTION */;
